ScientificName,CommonName,FrenchName,Sex,Minimum length at first maturity,Mean length at first maturity (Lm),Measurement type,Country,Locality,Reference
Anguilla anguilla,European Eel,Anguille,Unsexed,NA,600,NA,United Kingdom,Windermere,<a href=http://fishbase.ca/references/FBRefSummary.php?id=796 target='_blank' >Beverton et al. 1959</a>
Anguilla anguilla,European Eel,Anguille,Female,450,NA,NA,Netherlands,Western Scheldt,<a href=http://fishbase.ca/references/FBRefSummary.php?id=108918 target='_blank' >Cattrijsse et al. 2000</a>
Anguilla anguilla,European Eel,Anguille,Male,300,NA,TL,Netherlands,Western Scheldt,<a href=http://fishbase.ca/references/FBRefSummary.php?id=108918 target='_blank' >Cattrijsse et al. 2000</a>
Coregonus clupeaformis,Lake Whitefish,Grand corégone,Unsexed,NA,270,NA,Canada,Lake Nipigon,<a href=http://fishbase.ca/references/FBRefSummary.php?id=796 target='_blank' >Beverton et al. 1959</a>
Coregonus clupeaformis,Lake Whitefish,Grand corégone,Unsexed,NA,270,NA,Canada,Shakespeare Is. Lake,<a href=http://fishbase.ca/references/FBRefSummary.php?id=796 target='_blank' >Beverton et al. 1959</a>
Coregonus clupeaformis,Lake Whitefish,Grand corégone,Unsexed,NA,230,NA,United States,"Trout Lake, Wisconsin",<a href=http://fishbase.ca/references/FBRefSummary.php?id=796 target='_blank' >Beverton et al. 1959</a>
Coregonus artedi,Cisco,Cisco de lac,Unsexed,NA,150,SL,United States,"Muskellunge Lake, Wisconsin",<a href=http://fishbase.ca/references/FBRefSummary.php?id=796 target='_blank' >Beverton et al. 1959</a>
Coregonus artedi,Cisco,Cisco de lac,Unsexed,NA,140,SL,United States,"Silver Lake, Wisconsin",<a href=http://fishbase.ca/references/FBRefSummary.php?id=796 target='_blank' >Beverton et al. 1959</a>
Coregonus artedi,Cisco,Cisco de lac,Unsexed,NA,125,SL,United States,"Trout Lake, Wisconsin",<a href=http://fishbase.ca/references/FBRefSummary.php?id=796 target='_blank' >Beverton et al. 1959</a>
Coregonus artedi,Cisco,Cisco de lac,Mixed,NA,270,TL,Canada,Eastern James-Hudson Bay,<a href=http://fishbase.ca/references/FBRefSummary.php?id=52223 target='_blank' >Morin et al. 1982</a>
Salmo salar,Atlantic Salmon,Saumon Atlantique,Male,75,85,FL,Spain,"Esva River (43<b0>33'n, 6<b0>32'e), 1992-1994",<a href=http://fishbase.ca/references/FBRefSummary.php?id=36293 target='_blank' >Utrilla et al. 1999</a>
Salmo salar,Atlantic Salmon,Saumon Atlantique,Female,NA,738,FL,Canada,"Bouleau River, Quebec, 1973",<a href=http://fishbase.ca/references/FBRefSummary.php?id=58801 target='_blank' >Randall et al. 1979</a>
Salmo salar,Atlantic Salmon,Saumon Atlantique,Female,NA,724,FL,Canada,"Pigou River, Quebec, 1973",<a href=http://fishbase.ca/references/FBRefSummary.php?id=58801 target='_blank' >Randall et al. 1979</a>
Salmo salar,Atlantic Salmon,Saumon Atlantique,Male,NA,506,FL,Canada,"Bouleau River, Quebec, 1973",<a href=http://fishbase.ca/references/FBRefSummary.php?id=58801 target='_blank' >Randall et al. 1979</a>
Salmo salar,Atlantic Salmon,Saumon Atlantique,Male,NA,531,FL,Canada,"Pigou River, Quebec, 1973",<a href=http://fishbase.ca/references/FBRefSummary.php?id=58801 target='_blank' >Randall et al. 1979</a>
Salmo salar,Atlantic Salmon,Saumon Atlantique,Unsexed,600,NA,TL,NA,Baltic Sea,<a href=http://fishbase.ca/references/FBRefSummary.php?id=89463 target='_blank' >ICES 2009</a>
Salmo trutta,Brown Trout,Truite commune,Unsexed,NA,240,NA,United Kingdom,"Lake Windermere, England",<a href=http://fishbase.ca/references/FBRefSummary.php?id=796 target='_blank' >Beverton et al. 1959</a>
Salmo trutta,Brown Trout,Truite commune,Mixed,NA,369,FL,France,"River Calonne, Normandy, 1985",<a href=http://fishbase.ca/references/FBRefSummary.php?id=40189 target='_blank' >Maisse et al. 1991</a>
Salmo trutta,Brown Trout,Truite commune,Male,120,NA,FL,England and Wales (UK),"Afon Cwm River, Llanbrynmair, Mid-Wales, 1984-1993",<a href=http://fishbase.ca/references/FBRefSummary.php?id=44580 target='_blank' >Crisp et al. 1995</a>
Salmo trutta,Brown Trout,Truite commune,Female,NA,147,FL,Norway,"Bellbekken Stream (above Waterfalls), 1997<96>1999 (Sep. - Oct.)",<a href=http://fishbase.ca/references/FBRefSummary.php?id=75951 target='_blank' >Olsen et al. 2005</a>
Salmo trutta,Brown Trout,Truite commune,Female,NA,169,FL,Norway,"Bj<f8>r<e5>a Stream (above Waterfalls), 1997-1999 (Sep. - Oct.)",<a href=http://fishbase.ca/references/FBRefSummary.php?id=75951 target='_blank' >Olsen et al. 2005</a>
Salmo trutta,Brown Trout,Truite commune,Female,NA,168,FL,Norway,"Bj<f8>r<e5>a Stream (Below Waterfalls), 1997-1999 (Sep. - Oct)",<a href=http://fishbase.ca/references/FBRefSummary.php?id=75951 target='_blank' >Olsen et al. 2005</a>
Salmo trutta,Brown Trout,Truite commune,Female,NA,174,FL,Norway,"Gjesa Stream (Below Waterfalls), 1997-1999 (Sep.- Oct.)",<a href=http://fishbase.ca/references/FBRefSummary.php?id=75951 target='_blank' >Olsen et al. 2005</a>
Salmo trutta,Brown Trout,Truite commune,Female,NA,169,FL,Norway,"Lv<e5>a Stream (above Waterfalls), 1997-1999 (Sep.-Oct.)",<a href=http://fishbase.ca/references/FBRefSummary.php?id=75951 target='_blank' >Olsen et al. 2005</a>
Salmo trutta,Brown Trout,Truite commune,Female,NA,164,FL,Norway,"Osa Stream (above Waterfalls), 1997-1999 (Sep.-Oct)",<a href=http://fishbase.ca/references/FBRefSummary.php?id=75951 target='_blank' >Olsen et al. 2005</a>
Salmo trutta,Brown Trout,Truite commune,Female,NA,188,FL,Norway,"Osa Stream (Below Waterfalls), 1997-1999 (Sep.-Oct)",<a href=http://fishbase.ca/references/FBRefSummary.php?id=75951 target='_blank' >Olsen et al. 2005</a>
Salmo trutta,Brown Trout,Truite commune,Male,NA,142,FL,Norway,"Bellbekken Stream (above  Waterfalls), 1997<96>1999 (Sep. - Oct.)",<a href=http://fishbase.ca/references/FBRefSummary.php?id=75951 target='_blank' >Olsen et al. 2005</a>
Salmo trutta,Brown Trout,Truite commune,Male,NA,141,FL,Norway,"Bj<f8>r<e5>a Stream (above Waterfalls), 1997-1999 (Sep. - Oct.)",<a href=http://fishbase.ca/references/FBRefSummary.php?id=75951 target='_blank' >Olsen et al. 2005</a>
Salmo trutta,Brown Trout,Truite commune,Male,NA,159,FL,Norway,"Bj<f8>r<e5>a Stream (Below Waterfalls), 1997-1999 (Sep. - Oct)",<a href=http://fishbase.ca/references/FBRefSummary.php?id=75951 target='_blank' >Olsen et al. 2005</a>
Salmo trutta,Brown Trout,Truite commune,Male,NA,148,FL,Norway,"Gjesa Stream (Below Waterfalls), 1997-1999 (Sep.- Oct.)",<a href=http://fishbase.ca/references/FBRefSummary.php?id=75951 target='_blank' >Olsen et al. 2005</a>
Salmo trutta,Brown Trout,Truite commune,Male,NA,162,FL,Norway,"Osa Stream (above Waterfalls), 1997-1999 (Sep.-Oct)",<a href=http://fishbase.ca/references/FBRefSummary.php?id=75951 target='_blank' >Olsen et al. 2005</a>
Salmo trutta,Brown Trout,Truite commune,Male,NA,187,FL,Norway,"Osa Stream (Below Waterfalls), 1997-1999 (Sep.-Oct)",<a href=http://fishbase.ca/references/FBRefSummary.php?id=75951 target='_blank' >Olsen et al. 2005</a>
Salmo trutta,Brown Trout,Truite commune,Male,NA,172,FL,Norway,"Ulv<e5>a Stream (above Waterfalls), 1997-1999 (Sep.-Oct.)",<a href=http://fishbase.ca/references/FBRefSummary.php?id=75951 target='_blank' >Olsen et al. 2005</a>
Salmo trutta,Brown Trout,Truite commune,Female,NA,161.8,FL,Spain,Cabrillas River / 1996-1998,<a href=http://fishbase.ca/references/FBRefSummary.php?id=91501 target='_blank' >Nicola et al. 2002</a>
Salmo trutta,Brown Trout,Truite commune,Female,NA,141.3,FL,Spain,Cega River / 1996-1998,<a href=http://fishbase.ca/references/FBRefSummary.php?id=91501 target='_blank' >Nicola et al. 2002</a>
Salmo trutta,Brown Trout,Truite commune,Female,NA,156,FL,Spain,Dulce River / 1996-1998,<a href=http://fishbase.ca/references/FBRefSummary.php?id=91501 target='_blank' >Nicola et al. 2002</a>
Salmo trutta,Brown Trout,Truite commune,Female,NA,133,FL,Spain,Eresma River / 1996-1998,<a href=http://fishbase.ca/references/FBRefSummary.php?id=91501 target='_blank' >Nicola et al. 2002</a>
Salmo trutta,Brown Trout,Truite commune,Female,NA,164.5,FL,Spain,Gallo River / 1996-1998,<a href=http://fishbase.ca/references/FBRefSummary.php?id=91501 target='_blank' >Nicola et al. 2002</a>
Salmo trutta,Brown Trout,Truite commune,Female,NA,144.70000000000002,FL,Spain,Hoz Seca River/ 1996-1998,<a href=http://fishbase.ca/references/FBRefSummary.php?id=91501 target='_blank' >Nicola et al. 2002</a>
Salmo trutta,Brown Trout,Truite commune,Female,NA,167.3,FL,Spain,Jarama River / 1996-1998,<a href=http://fishbase.ca/references/FBRefSummary.php?id=91501 target='_blank' >Nicola et al. 2002</a>
Salmo trutta,Brown Trout,Truite commune,Male,NA,134.3,FL,Spain,Cabrillas River / 1996-1998,<a href=http://fishbase.ca/references/FBRefSummary.php?id=91501 target='_blank' >Nicola et al. 2002</a>
Salmo trutta,Brown Trout,Truite commune,Male,NA,123.2,FL,Spain,Cega River / 1996-1998,<a href=http://fishbase.ca/references/FBRefSummary.php?id=91501 target='_blank' >Nicola et al. 2002</a>
Salmo trutta,Brown Trout,Truite commune,Male,NA,141.4,FL,Spain,Dulce River / 1996-1998,<a href=http://fishbase.ca/references/FBRefSummary.php?id=91501 target='_blank' >Nicola et al. 2002</a>
Salmo trutta,Brown Trout,Truite commune,Male,NA,124.60000000000001,FL,Spain,Eresma River / 1996-1998,<a href=http://fishbase.ca/references/FBRefSummary.php?id=91501 target='_blank' >Nicola et al. 2002</a>
Salmo trutta,Brown Trout,Truite commune,Male,NA,132,FL,Spain,Gallo River / 1996-1998,<a href=http://fishbase.ca/references/FBRefSummary.php?id=91501 target='_blank' >Nicola et al. 2002</a>
Salmo trutta,Brown Trout,Truite commune,Male,NA,138.8,FL,Spain,Hoz Seca River / 1996-1998,<a href=http://fishbase.ca/references/FBRefSummary.php?id=91501 target='_blank' >Nicola et al. 2002</a>
Salmo trutta,Brown Trout,Truite commune,Male,NA,138.6,FL,Spain,Jaram River / 1996-1998,<a href=http://fishbase.ca/references/FBRefSummary.php?id=91501 target='_blank' >Nicola et al. 2002</a>
Salmo trutta,Brown Trout,Truite commune,Female,12.8,NA,SL,Greece,Aspropotamos Stream (March 1981- February 1982),<a href=http://fishbase.ca/references/FBRefSummary.php?id=27724 target='_blank' >Papageorgi... et al. 1983</a>
Salmo trutta,Brown Trout,Truite commune,Male,10.5,NA,SL,Greece,Aspropotamos Stream (March 1981- February 1982),<a href=http://fishbase.ca/references/FBRefSummary.php?id=27724 target='_blank' >Papageorgi... et al. 1983</a>
Salmo trutta,Brown Trout,Truite commune,Female,147,NA,NA,NA,Not Specified.,<a href=http://fishbase.ca/references/FBRefSummary.php?id=41168 target='_blank' >Gabrielyan 2001</a>
Salmo trutta,Brown Trout,Truite commune,Male,125,NA,NA,NA,Not Specified.,<a href=http://fishbase.ca/references/FBRefSummary.php?id=41168 target='_blank' >Gabrielyan 2001</a>
Salmo trutta,Brown Trout,Truite commune,Female,2570,NA,FL,Poland,"Department of Salmonid Research in Rutki of the Inland Fisheries Institute, Olsztyn, 1998-2002",<a href=http://fishbase.ca/references/FBRefSummary.php?id=91275 target='_blank' >D?bowski et al. 2005</a>
Oncorhynchus mykiss,Rainbow Trout,Truite arc-en-ciel,Unsexed,150,NA,NA,NA,Not Specified,<a href=http://fishbase.ca/references/FBRefSummary.php?id=27547 target='_blank' >Morrow 1980</a>
Oncorhynchus gorbuscha,Pink Salmon,Saumon rose,Unsexed,400,450,TL,NA,North America,<a href=http://fishbase.ca/references/FBRefSummary.php?id=27368 target='_blank' >Gerstmeier et al. 1998</a>
Oncorhynchus keta,Chum Salmon,Saumon keta,Female,NA,700,NA,Canada,Columbia River,<a href=http://fishbase.ca/references/FBRefSummary.php?id=796 target='_blank' >Beverton et al. 1959</a>
Oncorhynchus keta,Chum Salmon,Saumon keta,Male,NA,810,NA,Canada,Columbia River,<a href=http://fishbase.ca/references/FBRefSummary.php?id=796 target='_blank' >Beverton et al. 1959</a>
Oncorhynchus nerka,Sockeye Salmon,Saumon rouge,Unsexed,NA,600,NA,Canada,Cultus Lake,<a href=http://fishbase.ca/references/FBRefSummary.php?id=796 target='_blank' >Beverton et al. 1959</a>
Oncorhynchus tshawytscha,Chinook Salmon,Saumon chinook,Unsexed,NA,789,NA,Russian Federation,Eastern Kamchatka,<a href=http://fishbase.ca/references/FBRefSummary.php?id=56350 target='_blank' >Vronsky 2003</a>
Oncorhynchus tshawytscha,Chinook Salmon,Saumon chinook,Unsexed,NA,854,NA,Russian Federation,Western Kamchatka,<a href=http://fishbase.ca/references/FBRefSummary.php?id=56350 target='_blank' >Vronsky 2003</a>
Salvelinus alpinus,Arctic Char,Omble chevalier,Female,NA,600,NA,Canada,Baffin Island,<a href=http://fishbase.ca/references/FBRefSummary.php?id=796 target='_blank' >Beverton et al. 1959</a>
Salvelinus alpinus,Arctic Char,Omble chevalier,Unsexed,NA,350,FL,Canada,"Cumberland Sound, Baffin Island",<a href=http://fishbase.ca/references/FBRefSummary.php?id=28967 target='_blank' >Moore 1975</a>
Salvelinus alpinus,Arctic Char,Omble chevalier,Unsexed,NA,381,NA,Canada,"Frasier River, Northern Labrador",<a href=http://fishbase.ca/references/FBRefSummary.php?id=40568 target='_blank' >Dempson et al. 1985</a>
Salvelinus namaycush,Lake Trout,Touladi,Unsexed,NA,184,NA,Canada,Great Slave Lake,<a href=http://fishbase.ca/references/FBRefSummary.php?id=796 target='_blank' >Beverton et al. 1959</a>
Salvelinus namaycush,Lake Trout,Touladi,Female,422,NA,FL,Alaska (USA),"Walker L., Gates of the Arctic Nat'l Park, 1987-88",<a href=http://fishbase.ca/references/FBRefSummary.php?id=33305 target='_blank' >Adams 1997</a>
Salvelinus namaycush,Lake Trout,Touladi,Male,435,NA,FL,Alaska (USA),"Walker L., Gates of the Arctic Nat'l Park, 1987-88",<a href=http://fishbase.ca/references/FBRefSummary.php?id=33305 target='_blank' >Adams 1997</a>
Salvelinus namaycush,Lake Trout,Touladi,Unsexed,340,NA,NA,Alaska (USA),Brooks Range,<a href=http://fishbase.ca/references/FBRefSummary.php?id=33306 target='_blank' >Craig et al. 1975</a>
Salvelinus namaycush,Lake Trout,Touladi,Unsexed,308,NA,NA,Alaska (USA),Subarctic Region,<a href=http://fishbase.ca/references/FBRefSummary.php?id=33307 target='_blank' >Burr 1989</a>
Salvelinus namaycush,Lake Trout,Touladi,Unsexed,NA,370,FL,Alaska (USA),"Butte Lake, 1987-90",<a href=http://fishbase.ca/references/FBRefSummary.php?id=33309 target='_blank' >Burr 1993</a>
Salvelinus namaycush,Lake Trout,Touladi,Unsexed,NA,410,FL,Alaska (USA),"Chandler  Lake, 1987-90",<a href=http://fishbase.ca/references/FBRefSummary.php?id=33309 target='_blank' >Burr 1993</a>
Salvelinus namaycush,Lake Trout,Touladi,Unsexed,NA,481,FL,Alaska (USA),"Fielding Lake, 1987-90",<a href=http://fishbase.ca/references/FBRefSummary.php?id=33309 target='_blank' >Burr 1993</a>
Salvelinus namaycush,Lake Trout,Touladi,Unsexed,NA,375,FL,Alaska (USA),"Glacier  Lake, 1987-90",<a href=http://fishbase.ca/references/FBRefSummary.php?id=33309 target='_blank' >Burr 1993</a>
Salvelinus namaycush,Lake Trout,Touladi,Unsexed,NA,350,FL,Alaska (USA),"Landlocked Tangle  Lake, 1987-90",<a href=http://fishbase.ca/references/FBRefSummary.php?id=33309 target='_blank' >Burr 1993</a>
Salvelinus namaycush,Lake Trout,Touladi,Unsexed,NA,426,FL,Alaska (USA),"Paxson Lake, 1987-90",<a href=http://fishbase.ca/references/FBRefSummary.php?id=33309 target='_blank' >Burr 1993</a>
Salvelinus namaycush,Lake Trout,Touladi,Unsexed,NA,386,FL,Alaska (USA),"Sevenmile Lake, 1987-90",<a href=http://fishbase.ca/references/FBRefSummary.php?id=33309 target='_blank' >Burr 1993</a>
Salvelinus namaycush,Lake Trout,Touladi,Unsexed,NA,452,FL,Alaska (USA),"Summit Lake, 1987-90",<a href=http://fishbase.ca/references/FBRefSummary.php?id=33309 target='_blank' >Burr 1993</a>
Salvelinus namaycush,Lake Trout,Touladi,Unsexed,NA,343,FL,Alaska (USA),"Twobit  Lake, 1987-90",<a href=http://fishbase.ca/references/FBRefSummary.php?id=33309 target='_blank' >Burr 1993</a>
Salvelinus namaycush,Lake Trout,Touladi,Unsexed,NA,400,FL,Alaska (USA),"Upper Tangle Lake, 1987-90",<a href=http://fishbase.ca/references/FBRefSummary.php?id=33309 target='_blank' >Burr 1993</a>
Salvelinus namaycush,Lake Trout,Touladi,Unsexed,NA,476,FL,Alaska (USA),"Walker Lake, 1987-90",<a href=http://fishbase.ca/references/FBRefSummary.php?id=33309 target='_blank' >Burr 1993</a>
Osmerus mordax,Rainbow Smelt,Éperlan arc-en-ciel,Female,NA,197,TL,United States,Massachusetts River System,<a href=http://fishbase.ca/references/FBRefSummary.php?id=52221 target='_blank' >Murawski et al. 1978</a>
Osmerus mordax,Rainbow Smelt,Éperlan arc-en-ciel,Female,NA,193,TL,United States,Western Lake Superior,<a href=http://fishbase.ca/references/FBRefSummary.php?id=52222 target='_blank' >Bailey 1964</a>
Osmerus mordax,Rainbow Smelt,Éperlan arc-en-ciel,Male,NA,188,TL,United States,Massachusetts River System,<a href=http://fishbase.ca/references/FBRefSummary.php?id=52221 target='_blank' >Murawski et al. 1978</a>
Osmerus mordax,Rainbow Smelt,Éperlan arc-en-ciel,Male,NA,150,TL,United States,Western Lake Superior,<a href=http://fishbase.ca/references/FBRefSummary.php?id=52222 target='_blank' >Bailey 1964</a>
Osmerus mordax,Rainbow Smelt,Éperlan arc-en-ciel,Mixed,NA,220,TL,Canada,Beaufort Sea,<a href=http://fishbase.ca/references/FBRefSummary.php?id=52220 target='_blank' >Haldorson et al. 1984</a>
Hypomesus olidus,Pond Smelt,Éperlan à petite bouche,Unsexed,NA,100,NA,Japan,Lake Suwa,<a href=http://fishbase.ca/references/FBRefSummary.php?id=796 target='_blank' >Beverton et al. 1959</a>
Thaleichthys pacificus,Eulachon,Eulakane,Unsexed,150,NA,FL,United States,Bering Sea,<a href=http://fishbase.ca/references/FBRefSummary.php?id=56527 target='_blank' >Fadeev 2005</a>
Esox lucius,Northern Pike,Brochet,Female,280,420,FL,Scotland (UK),Loch Davan,<a href=http://fishbase.ca/references/FBRefSummary.php?id=4843 target='_blank' >Treasurer et al. 1992</a>
Esox lucius,Northern Pike,Brochet,Female,280,350,FL,Scotland (UK),Loch Kinord,<a href=http://fishbase.ca/references/FBRefSummary.php?id=4843 target='_blank' >Treasurer et al. 1992</a>
Esox lucius,Northern Pike,Brochet,Male,270,380,FL,Scotland (UK),Loch Davan,<a href=http://fishbase.ca/references/FBRefSummary.php?id=4843 target='_blank' >Treasurer et al. 1992</a>
Esox lucius,Northern Pike,Brochet,Male,270,320,FL,Scotland (UK),Loch Kinord,<a href=http://fishbase.ca/references/FBRefSummary.php?id=4843 target='_blank' >Treasurer et al. 1992</a>
Esox lucius,Northern Pike,Brochet,Female,NA,295,NA,England and Wales (UK),England,<a href=http://fishbase.ca/references/FBRefSummary.php?id=26396 target='_blank' >Toner et al. 1969</a>
Esox lucius,Northern Pike,Brochet,Female,420,NA,NA,United States,Missouri,<a href=http://fishbase.ca/references/FBRefSummary.php?id=26394 target='_blank' >June 1971</a>
Esox lucius,Northern Pike,Brochet,Female,390,NA,NA,Canada,Northern Canada (4 Lakes),<a href=http://fishbase.ca/references/FBRefSummary.php?id=4946 target='_blank' >Miller et al. 1948</a>
Esox lucius,Northern Pike,Brochet,Female,400,NA,NA,Spain,Not Specified.,<a href=http://fishbase.ca/references/FBRefSummary.php?id=26392 target='_blank' >Calderon A... 1955</a>
Esox lucius,Northern Pike,Brochet,Female,NA,257,NA,United Kingdom,Scotland,<a href=http://fishbase.ca/references/FBRefSummary.php?id=3858 target='_blank' >Munro 1957</a>
Esox lucius,Northern Pike,Brochet,Female,NA,380,NA,Canada,"Waskesiu Lake, Saskatchewan",<a href=http://fishbase.ca/references/FBRefSummary.php?id=26395 target='_blank' >Rawson 1932</a>
Esox lucius,Northern Pike,Brochet,Female,NA,415,NA,United Kingdom,Windermere,<a href=http://fishbase.ca/references/FBRefSummary.php?id=4992 target='_blank' >Frost et al. 1967</a>
Esox lucius,Northern Pike,Brochet,Female,NA,508,NA,United States,Wisconsin,<a href=http://fishbase.ca/references/FBRefSummary.php?id=26396 target='_blank' >Toner et al. 1969</a>
Esox lucius,Northern Pike,Brochet,Male,310,NA,NA,Canada,Lac Ste Anne,<a href=http://fishbase.ca/references/FBRefSummary.php?id=26390 target='_blank' >Billard et al. 1983</a>
Esox lucius,Northern Pike,Brochet,Male,320,NA,NA,United States,Missouri,<a href=http://fishbase.ca/references/FBRefSummary.php?id=26394 target='_blank' >June 1971</a>
Esox lucius,Northern Pike,Brochet,Male,390,NA,NA,Canada,Northern Canada (4 Lakes),<a href=http://fishbase.ca/references/FBRefSummary.php?id=4946 target='_blank' >Miller et al. 1948</a>
Esox lucius,Northern Pike,Brochet,Male,400,NA,NA,Spain,Not Specified.,<a href=http://fishbase.ca/references/FBRefSummary.php?id=26392 target='_blank' >Calderon A... 1955</a>
Esox lucius,Northern Pike,Brochet,Male,NA,263,NA,United Kingdom,Scotland,<a href=http://fishbase.ca/references/FBRefSummary.php?id=3858 target='_blank' >Munro 1957</a>
Esox lucius,Northern Pike,Brochet,Male,380,NA,NA,United Kingdom,Windermere,<a href=http://fishbase.ca/references/FBRefSummary.php?id=4992 target='_blank' >Frost et al. 1967</a>
Esox lucius,Northern Pike,Brochet,Male,380,NA,NA,United States,Wisconsin,<a href=http://fishbase.ca/references/FBRefSummary.php?id=26396 target='_blank' >Toner et al. 1969</a>
Esox lucius,Northern Pike,Brochet,Mixed,400,NA,SL,Russian Federation,Enisey River,<a href=http://fishbase.ca/references/FBRefSummary.php?id=56502 target='_blank' >Podlesnyi 1958</a>
Esox lucius,Northern Pike,Brochet,Female,250,NA,SL,NA,Europe,<a href=http://fishbase.ca/references/FBRefSummary.php?id=59043 target='_blank' >Kottelat et al. 2007</a>
Esox lucius,Northern Pike,Brochet,Male,170,NA,SL,NA,Europe,<a href=http://fishbase.ca/references/FBRefSummary.php?id=59043 target='_blank' >Kottelat et al. 2007</a>
Esox lucius,Northern Pike,Brochet,Female,NA,380,NA,Ireland,"Pollaphuca Reservoir, 1990 (April)",<a href=http://fishbase.ca/references/FBRefSummary.php?id=89783 target='_blank' >Roche et al. 1999</a>
Esox lucius,Northern Pike,Brochet,Male,NA,340,NA,Ireland,"Pollaphuca Reservoir, 1990 (April)",<a href=http://fishbase.ca/references/FBRefSummary.php?id=89783 target='_blank' >Roche et al. 1999</a>
Abramis brama,Common Bream,Brème,Mixed,250,NA,OT,Poland,River Regalica (1974-1977),<a href=http://fishbase.ca/references/FBRefSummary.php?id=75615 target='_blank' >Kompowski 1982</a>
Tinca tinca,Tench,Tanche,Unsexed,70,NA,SL,NA,Not Specified,<a href=http://fishbase.ca/references/FBRefSummary.php?id=59043 target='_blank' >Kottelat et al. 2007</a>
Tinca tinca,Tench,Tanche,Female,198,NA,FL,Turkey,Kayabogazi Dam Lake (1996-1997),<a href=http://fishbase.ca/references/FBRefSummary.php?id=75325 target='_blank' >Alas et al. 2004</a>
Tinca tinca,Tench,Tanche,Male,169,NA,FL,Turkey,Kayabogazi Dam Lake (1996-1997),<a href=http://fishbase.ca/references/FBRefSummary.php?id=75325 target='_blank' >Alas et al. 2004</a>
Rutilus rutilus,Roach,Gardon,Female,NA,130,TL,England and Wales (UK),"Rivers, Southern England",<a href=http://fishbase.ca/references/FBRefSummary.php?id=10217 target='_blank' >Mann 1973</a>
Rutilus rutilus,Roach,Gardon,Male,NA,92,TL,England and Wales (UK),"Rivers, Southern England",<a href=http://fishbase.ca/references/FBRefSummary.php?id=10217 target='_blank' >Mann 1973</a>
Rutilus rutilus,Roach,Gardon,Mixed,100,NA,SL,Russian Federation,Enisey River,<a href=http://fishbase.ca/references/FBRefSummary.php?id=56502 target='_blank' >Podlesnyi 1958</a>
Rutilus rutilus,Roach,Gardon,Female,NA,149.8,TL,Turkey,Lake Sapanca (2000-2002),<a href=http://fishbase.ca/references/FBRefSummary.php?id=75295 target='_blank' >Tarkan 2006</a>
Rutilus rutilus,Roach,Gardon,Male,NA,122.6,TL,Turkey,Lake Sapanca (2000-2002),<a href=http://fishbase.ca/references/FBRefSummary.php?id=75295 target='_blank' >Tarkan 2006</a>
Notemigonus crysoleucas,Golden Shiner,Méné jaune,Unsexed,NA,64,SL,Canada,Ontario Lake,<a href=http://fishbase.ca/references/FBRefSummary.php?id=58612 target='_blank' >Portt et al. 1988</a>
Ictalurus punctatus,Channel Catfish,Barbue de rivière,Unsexed,NA,360,NA,United States,Mississippi River,<a href=http://fishbase.ca/references/FBRefSummary.php?id=796 target='_blank' >Beverton et al. 1959</a>
Anguilla rostrata,American Eel,Anguille d'Amérique,Unsexed,353,NA,TL,United States,"Altamaha River, Georgia, 1980-81",<a href=http://fishbase.ca/references/FBRefSummary.php?id=7130 target='_blank' >Helfman et al. 1984</a>
Anguilla rostrata,American Eel,Anguille d'Amérique,Female,370,NA,TL,United States,Chesapeake Bay.,<a href=http://fishbase.ca/references/FBRefSummary.php?id=93252 target='_blank' >Murdy et al. 2013</a>
Anguilla rostrata,American Eel,Anguille d'Amérique,Male,220,NA,TL,United States,Chesapeake Bay.,<a href=http://fishbase.ca/references/FBRefSummary.php?id=93252 target='_blank' >Murdy et al. 2013</a>
Lota lota,Burbot,Lotte,Female,350,NA,NA,Mongolia,Selenga and Orhon Rivers,<a href=http://fishbase.ca/references/FBRefSummary.php?id=41072 target='_blank' >Dulmaa 1999</a>
Lota lota,Burbot,Lotte,Male,270,NA,NA,Mongolia,Selenga and Orhon Rivers,<a href=http://fishbase.ca/references/FBRefSummary.php?id=41072 target='_blank' >Dulmaa 1999</a>
Lota lota,Burbot,Lotte,Mixed,400,NA,TL,Russian Federation,Enisey River,<a href=http://fishbase.ca/references/FBRefSummary.php?id=56502 target='_blank' >Podlesnyi 1958</a>
Lota lota,Burbot,Lotte,Unsexed,450,NA,NA,Alaska (USA),Not Specified,<a href=http://fishbase.ca/references/FBRefSummary.php?id=58810 target='_blank' >Holmes 1994</a>
Perca fluviatilis,European Perch,Perche fluviatile,Female,NA,160,NA,Sweden,Sweden,<a href=http://fishbase.ca/references/FBRefSummary.php?id=796 target='_blank' >Beverton et al. 1959</a>
Perca fluviatilis,European Perch,Perche fluviatile,Male,NA,100,NA,Sweden,Sweden,<a href=http://fishbase.ca/references/FBRefSummary.php?id=796 target='_blank' >Beverton et al. 1959</a>
Perca fluviatilis,European Perch,Perche fluviatile,Female,NA,150,FL,Scotland (UK),Loch Davan,<a href=http://fishbase.ca/references/FBRefSummary.php?id=88821 target='_blank' >Treasurer 1981</a>
Perca fluviatilis,European Perch,Perche fluviatile,Female,170,175,FL,Scotland (UK),Loch Kinord,<a href=http://fishbase.ca/references/FBRefSummary.php?id=88821 target='_blank' >Treasurer 1981</a>
Perca fluviatilis,European Perch,Perche fluviatile,Male,60,95,FL,Scotland (UK),Loch Davan,<a href=http://fishbase.ca/references/FBRefSummary.php?id=88821 target='_blank' >Treasurer 1981</a>
Perca fluviatilis,European Perch,Perche fluviatile,Male,60,80,FL,Scotland (UK),Loch Kinord,<a href=http://fishbase.ca/references/FBRefSummary.php?id=88821 target='_blank' >Treasurer 1981</a>
Perca fluviatilis,European Perch,Perche fluviatile,Female,140,NA,FL,New Zealand,"Lake Pounui (41<b0>21's, 175<b0> 07'e), South Wairarapa, 1974-75",<a href=http://fishbase.ca/references/FBRefSummary.php?id=37741 target='_blank' >Jellyman 1980</a>
Perca fluviatilis,European Perch,Perche fluviatile,Male,99,NA,FL,New Zealand,"Lake Pounui (41<b0>21's, 175<b0> 07'e), South Wairarapa, 1974-75",<a href=http://fishbase.ca/references/FBRefSummary.php?id=37741 target='_blank' >Jellyman 1980</a>
Perca fluviatilis,European Perch,Perche fluviatile,Female,120,NA,TL,Germany (Federal Republic of),Schleswig-Holstein,<a href=http://fishbase.ca/references/FBRefSummary.php?id=55947 target='_blank' >Smolian 1920</a>
Perca fluviatilis,European Perch,Perche fluviatile,Mixed,120,NA,SL,Russian Federation,Enisey River,<a href=http://fishbase.ca/references/FBRefSummary.php?id=56502 target='_blank' >Podlesnyi 1958</a>
Perca fluviatilis,European Perch,Perche fluviatile,Female,112,NA,TL,Greece,"Lake Agios, Vasilios (Oct 1975-Nov 1976)",<a href=http://fishbase.ca/references/FBRefSummary.php?id=74637 target='_blank' >Papageorgi... 1977</a>
Perca fluviatilis,European Perch,Perche fluviatile,Male,93,NA,TL,Greece,"Lake Agios, Vasilios (Oct 1975-Nov 1976)",<a href=http://fishbase.ca/references/FBRefSummary.php?id=74637 target='_blank' >Papageorgi... 1977</a>
Perca fluviatilis,European Perch,Perche fluviatile,Male,110,NA,OT,Romania,Danube Delta (1959),<a href=http://fishbase.ca/references/FBRefSummary.php?id=75671 target='_blank' >Boldor 1963</a>
Perca fluviatilis,European Perch,Perche fluviatile,Unsexed,NA,127.6,TL,Norway,"Breidtjern, 1992-93",<a href=http://fishbase.ca/references/FBRefSummary.php?id=88121 target='_blank' >Heibo et al. 2002</a>
Perca fluviatilis,European Perch,Perche fluviatile,Unsexed,NA,138.3,TL,Norway,"Isebakketjern, 1992-93",<a href=http://fishbase.ca/references/FBRefSummary.php?id=88121 target='_blank' >Heibo et al. 2002</a>
Perca fluviatilis,European Perch,Perche fluviatile,Unsexed,NA,109.7,TL,Norway,"Langtjern, 1992-93",<a href=http://fishbase.ca/references/FBRefSummary.php?id=88121 target='_blank' >Heibo et al. 2002</a>
Perca fluviatilis,European Perch,Perche fluviatile,Unsexed,NA,157.20000000000002,TL,Norway,"Skinnarbutjern, 1992-93",<a href=http://fishbase.ca/references/FBRefSummary.php?id=88121 target='_blank' >Heibo et al. 2002</a>
Perca fluviatilis,European Perch,Perche fluviatile,Unsexed,NA,115.39999999999999,TL,Norway,"Store Risen, 1992-93",<a href=http://fishbase.ca/references/FBRefSummary.php?id=88121 target='_blank' >Heibo et al. 2002</a>
Perca fluviatilis,European Perch,Perche fluviatile,Female,130,NA,NA,France,"Lake Geneva, 1963-1976",<a href=http://fishbase.ca/references/FBRefSummary.php?id=91933 target='_blank' >Lang et al. 1985</a>
Perca fluviatilis,European Perch,Perche fluviatile,Female,155,175,TL,Poland,"Vistula Lagoon, 2000-20005",<a href=http://fishbase.ca/references/FBRefSummary.php?id=91265 target='_blank' >Ciepielews... et al. 2006</a>
Perca fluviatilis,European Perch,Perche fluviatile,Female,NA,172,FL,Turkey,"Anuri Stream, Nov 2000 - Oct 2002",<a href=http://fishbase.ca/references/FBRefSummary.php?id=91555 target='_blank' >Arslan et al. 2007</a>
Perca fluviatilis,European Perch,Perche fluviatile,Female,NA,173,FL,Turkey,"Cenker Stream, Nov 2000 - Oct 2002",<a href=http://fishbase.ca/references/FBRefSummary.php?id=91555 target='_blank' >Arslan et al. 2007</a>
Perca fluviatilis,European Perch,Perche fluviatile,Male,NA,141,FL,Turkey,"Anuri Stream, Nov 2000 - Oct 2002",<a href=http://fishbase.ca/references/FBRefSummary.php?id=91555 target='_blank' >Arslan et al. 2007</a>
Perca fluviatilis,European Perch,Perche fluviatile,Male,NA,140,FL,Turkey,"Cenker Stream, Nov 2000 - Oct 2002",<a href=http://fishbase.ca/references/FBRefSummary.php?id=91555 target='_blank' >Arslan et al. 2007</a>
Lepisosteus oculatus,Spotted Gar,Lépisosté tacheté,Unsexed,NA,549,NG,Canada,Great Lakes,<a href=http://fishbase.ca/references/FBRefSummary.php?id=58585 target='_blank' >Parker et al. 1984</a>
Lepisosteus oculatus,Spotted Gar,Lépisosté tacheté,Female,395,NA,SL,United States,"Lake Pontchartrain Estuary, Louisiana (Nov 1998-Oct 1999)",<a href=http://fishbase.ca/references/FBRefSummary.php?id=58775 target='_blank' >Love 2004</a>
Lepisosteus oculatus,Spotted Gar,Lépisosté tacheté,Male,285,NA,SL,United States,"Lake Pontchartrain Estuary, Louisiana (Nov 1998-Oct 1999)",<a href=http://fishbase.ca/references/FBRefSummary.php?id=58775 target='_blank' >Love 2004</a>
Lepisosteus osseus,Longnose Gar,Lépisosté osseux,Female,NA,838,NA,United States,Missouri,<a href=http://fishbase.ca/references/FBRefSummary.php?id=38418 target='_blank' >Netsch et al. 1962</a>
Lepisosteus osseus,Longnose Gar,Lépisosté osseux,Male,660,NA,NA,United States,Missouri,<a href=http://fishbase.ca/references/FBRefSummary.php?id=38418 target='_blank' >Netsch et al. 1962</a>
Lepisosteus osseus,Longnose Gar,Lépisosté osseux,Female,NA,500,NA,Canada,Great Lakes,<a href=http://fishbase.ca/references/FBRefSummary.php?id=58584 target='_blank' >Minns et al. 1993</a>
Cyprinus carpio,Carp,Carpe,Unsexed,370,NA,NA,India,(Hills),<a href=http://fishbase.ca/references/FBRefSummary.php?id=142 target='_blank' >Jhingran et al. 1988</a>
Cyprinus carpio,Carp,Carpe,Unsexed,150,NA,NA,India,(Plains),<a href=http://fishbase.ca/references/FBRefSummary.php?id=142 target='_blank' >Jhingran et al. 1988</a>
Cyprinus carpio,Carp,Carpe,Unsexed,400,NA,NA,NA,Europe,<a href=http://fishbase.ca/references/FBRefSummary.php?id=142 target='_blank' >Jhingran et al. 1988</a>
Cyprinus carpio,Carp,Carpe,Unsexed,300,NA,NA,Indonesia,Indonesia,<a href=http://fishbase.ca/references/FBRefSummary.php?id=142 target='_blank' >Jhingran et al. 1988</a>
Cyprinus carpio,Carp,Carpe,Unsexed,300,NA,NA,Japan,Japan,<a href=http://fishbase.ca/references/FBRefSummary.php?id=142 target='_blank' >Jhingran et al. 1988</a>
Cyprinus carpio,Carp,Carpe,Female,250,NA,NA,NA,Not Stated,<a href=http://fishbase.ca/references/FBRefSummary.php?id=6390 target='_blank' >Kailola et al. 1993</a>
Cyprinus carpio,Carp,Carpe,Male,200,NA,NG,NA,Not Stated,<a href=http://fishbase.ca/references/FBRefSummary.php?id=6390 target='_blank' >Kailola et al. 1993</a>
Cyprinus carpio,Carp,Carpe,Mixed,NA,251,TL,France,Camargue,<a href=http://fishbase.ca/references/FBRefSummary.php?id=52210 target='_blank' >Crivelli 1981</a>
Cyprinus carpio,Carp,Carpe,Mixed,NA,194,TL,Spain,"Guadalquivir River, Southwest Region",<a href=http://fishbase.ca/references/FBRefSummary.php?id=52211 target='_blank' >Fern<e1>ndez-... 1990</a>
Cyprinus carpio,Carp,Carpe,Female,NA,328,FL,NA,Barmah Forest,<a href=http://fishbase.ca/references/FBRefSummary.php?id=89158 target='_blank' >Brown et al. 2005</a>
Cyprinus carpio,Carp,Carpe,Female,NA,273,FL,NA,Campaspe Channels,<a href=http://fishbase.ca/references/FBRefSummary.php?id=89159 target='_blank' >Brown et al. 2004</a>
Cyprinus carpio,Carp,Carpe,Female,NA,347,FL,Slovakia,Danube,<a href=http://fishbase.ca/references/FBRefSummary.php?id=89157 target='_blank' >Balon 1995</a>
Cyprinus carpio,Carp,Carpe,Female,NA,403,FL,South Africa,Hartbeespoort Dam,<a href=http://fishbase.ca/references/FBRefSummary.php?id=89160 target='_blank' >Cochrane 1985</a>
Cyprinus carpio,Carp,Carpe,Female,276,335,FL,South Africa,"Lake Gariep, (30<b0>38's; 25<b0>46'e), Orange River, 2006-2008",<a href=http://fishbase.ca/references/FBRefSummary.php?id=88006 target='_blank' >Winker et al. 2011</a>
Cyprinus carpio,Carp,Carpe,Female,NA,420,FL,Kenya,Lake Naivasha,<a href=http://fishbase.ca/references/FBRefSummary.php?id=89162 target='_blank' >Oyugi et al. 2011</a>
Cyprinus carpio,Carp,Carpe,Male,NA,307,FL,NA,Barmah Forest,<a href=http://fishbase.ca/references/FBRefSummary.php?id=89158 target='_blank' >Brown et al. 2005</a>
Cyprinus carpio,Carp,Carpe,Male,NA,287,FL,NA,Campaspe,<a href=http://fishbase.ca/references/FBRefSummary.php?id=89159 target='_blank' >Brown et al. 2004</a>
Cyprinus carpio,Carp,Carpe,Male,NA,316,FL,Slovakia,Danube,<a href=http://fishbase.ca/references/FBRefSummary.php?id=89157 target='_blank' >Balon 1995</a>
Cyprinus carpio,Carp,Carpe,Male,258,296,FL,South Africa,"Lake Gariep, (30<b0>38's; 25<b0>46'e), Orange River, 2006-2008",<a href=http://fishbase.ca/references/FBRefSummary.php?id=88006 target='_blank' >Winker et al. 2011</a>
Cyprinus carpio,Carp,Carpe,Male,NA,340,FL,Kenya,Lake Naivasha,<a href=http://fishbase.ca/references/FBRefSummary.php?id=89162 target='_blank' >Oyugi et al. 2011</a>
Cyprinus carpio,Carp,Carpe,Female,NA,337.59999999999997,FL,Turkey,Bayrami<e7> Reservoir,<a href=http://fishbase.ca/references/FBRefSummary.php?id=96089 target='_blank' ><c7>olako?lu et al. 2011</a>
Cyprinus carpio,Carp,Carpe,Male,NA,283.29999999999995,FL,Turkey,Bayrami<e7> Reservoir,<a href=http://fishbase.ca/references/FBRefSummary.php?id=96089 target='_blank' ><c7>olako?lu et al. 2011</a>
Cyprinus carpio,Carp,Carpe,Female,320,NA,NA,Mongolia,Not Specified.,<a href=http://fishbase.ca/references/FBRefSummary.php?id=41072 target='_blank' >Dulmaa 1999</a>
Cyprinus carpio,Carp,Carpe,Male,260,NA,NA,Mongolia,Not Specified.,<a href=http://fishbase.ca/references/FBRefSummary.php?id=41072 target='_blank' >Dulmaa 1999</a>
Alosa pseudoharengus,Alewife/Gaspereau,Gaspareau,Female,110,NA,SL,Canada,Lake Ontario,<a href=http://fishbase.ca/references/FBRefSummary.php?id=38946 target='_blank' >Graham 1956</a>
Alosa pseudoharengus,Alewife/Gaspereau,Gaspareau,Male,95.5,NA,SL,Canada,Lake Ontario,<a href=http://fishbase.ca/references/FBRefSummary.php?id=38946 target='_blank' >Graham 1956</a>
Alosa pseudoharengus,Alewife/Gaspereau,Gaspareau,Mixed,NA,158,TL,United States,Lake Michigan,<a href=http://fishbase.ca/references/FBRefSummary.php?id=38634 target='_blank' >Norden 1967</a>
Alosa pseudoharengus,Alewife/Gaspereau,Gaspareau,Mixed,NA,131,TL,United States,"Lake Ontario, 1978-92",<a href=http://fishbase.ca/references/FBRefSummary.php?id=52208 target='_blank' >Hanel 1992</a>
Alosa sapidissima,American Shad,Alose savoureuse,Female,383,NA,FL,United States,"St John's River, Florida",<a href=http://fishbase.ca/references/FBRefSummary.php?id=38973 target='_blank' >Walburg 1960</a>
Alosa sapidissima,American Shad,Alose savoureuse,Male,305,NA,FL,United States,"St. John's River, Florida",<a href=http://fishbase.ca/references/FBRefSummary.php?id=38973 target='_blank' >Walburg 1960</a>
Dorosoma cepedianum,Gizzard Dhad,Alose à gésier,Female,NA,361,TL,United States,Lake Erie,<a href=http://fishbase.ca/references/FBRefSummary.php?id=3672 target='_blank' >Carlander 1969</a>
Dorosoma cepedianum,Gizzard Dhad,Alose à gésier,Male,NA,265,TL,United States,Lake Erie,<a href=http://fishbase.ca/references/FBRefSummary.php?id=3672 target='_blank' >Carlander 1969</a>
Dorosoma cepedianum,Gizzard Dhad,Alose à gésier,Unsexed,178,NA,NA,United States,Not Specified,<a href=http://fishbase.ca/references/FBRefSummary.php?id=39046 target='_blank' >Miller 1963</a>
Gasterosteus aculeatus,Threespine Stickleback,Épinoche à trois épines,Unsexed,NA,36,NA,England and Wales (UK),"Cheshire, England",<a href=http://fishbase.ca/references/FBRefSummary.php?id=796 target='_blank' >Beverton et al. 1959</a>
Gasterosteus aculeatus,Threespine Stickleback,Épinoche à trois épines,Female,NA,55,TL,France,Roscoff (Brackish Waters),<a href=http://fishbase.ca/references/FBRefSummary.php?id=981 target='_blank' >Bertin 1923</a>
Gasterosteus aculeatus,Threespine Stickleback,Épinoche à trois épines,Male,NA,45,TL,France,Roscoff (Brackish Waters),<a href=http://fishbase.ca/references/FBRefSummary.php?id=981 target='_blank' >Bertin 1923</a>
Ichthyomyzon castaneus,Chestnut Lamprey,Lamproie brune,Unsexed,NA,101,TL,Canada,Manitoba,<a href=http://fishbase.ca/references/FBRefSummary.php?id=1998 target='_blank' >Scott et al. 1973</a>
Ichthyomyzon fossor,Northern Brook Lamprey,Lamproie du nord,Unsexed,NA,135,TL,Canada,To be Filled,<a href=http://fishbase.ca/references/FBRefSummary.php?id=52559 target='_blank' >Coker et al. 2001</a>
Ichthyomyzon unicuspis,Silver Lamprey,Lamproie argentée,Unsexed,NA,100,TL,Canada,To be Filled,<a href=http://fishbase.ca/references/FBRefSummary.php?id=52559 target='_blank' >Coker et al. 2001</a>
Lethenteron appendix,American Brook Lamprey,Lamproie de l'est,Unsexed,NA,150,TL,Canada,To be Filled,<a href=http://fishbase.ca/references/FBRefSummary.php?id=52559 target='_blank' >Coker et al. 2001</a>
Lampetra ayresii,River Lamprey,Lamproie de rivière,Unsexed,NA,162,TL,Canada,To be Filled,<a href=http://fishbase.ca/references/FBRefSummary.php?id=1998 target='_blank' >Scott et al. 1973</a>
Lethenteron camtschaticum,Arctic Lamprey,Lamproie arctique,Female,130,NA,TL,NA,North America and Asia.,<a href=http://fishbase.ca/references/FBRefSummary.php?id=12321 target='_blank' >Holc<ed>k 1986</a>
Lethenteron camtschaticum,Arctic Lamprey,Lamproie arctique,Male,135,NA,TL,NA,North America and Asia.,<a href=http://fishbase.ca/references/FBRefSummary.php?id=12321 target='_blank' >Holc<ed>k 1986</a>
Lethenteron camtschaticum,Arctic Lamprey,Lamproie arctique,Unsexed,130,NA,TL,Mongolia,Barh and Hurh Rivers,<a href=http://fishbase.ca/references/FBRefSummary.php?id=41072 target='_blank' >Dulmaa 1999</a>
Lethenteron camtschaticum,Arctic Lamprey,Lamproie arctique,Unsexed,350,NA,TL,NA,Not Specified,<a href=http://fishbase.ca/references/FBRefSummary.php?id=59043 target='_blank' >Kottelat et al. 2007</a>
Acipenser brevirostrum,Shortnose Sturgeon,Esturgeon à museau court,Female,450,NA,FL,United States,"St. John River, New Brunswick",<a href=http://fishbase.ca/references/FBRefSummary.php?id=38308 target='_blank' >Vecsei et al. 2000</a>
Acipenser brevirostrum,Shortnose Sturgeon,Esturgeon à museau court,Female,700,NA,TL,NA,"St. Johns River, New Brunswick",<a href=http://fishbase.ca/references/FBRefSummary.php?id=38308 target='_blank' >Vecsei et al. 2000</a>
Acipenser brevirostrum,Shortnose Sturgeon,Esturgeon à museau court,Male,490,NA,NA,United States,"St. John River, New Brunswick",<a href=http://fishbase.ca/references/FBRefSummary.php?id=4639 target='_blank' >Jones et al. 1978</a>
Acipenser fulvescens,Lake Sturgeon,Esturgeon jaune,Unsexed,NA,1120,NA,United States,Wisconsin,<a href=http://fishbase.ca/references/FBRefSummary.php?id=796 target='_blank' >Beverton et al. 1959</a>
Acipenser fulvescens,Lake Sturgeon,Esturgeon jaune,Female,NA,800,TL,NA,Nottaway River,<a href=http://fishbase.ca/references/FBRefSummary.php?id=9979 target='_blank' >Magnin 1966</a>
Acipenser fulvescens,Lake Sturgeon,Esturgeon jaune,Male,NA,900,TL,NA,Nottaway River,<a href=http://fishbase.ca/references/FBRefSummary.php?id=9979 target='_blank' >Magnin 1966</a>
Acipenser fulvescens,Lake Sturgeon,Esturgeon jaune,Female,NA,1140,TL,NA,Quebec,<a href=http://fishbase.ca/references/FBRefSummary.php?id=9980 target='_blank' >Vladykov et al. 1963</a>
Acipenser fulvescens,Lake Sturgeon,Esturgeon jaune,Male,NA,965,TL,NA,Quebec,<a href=http://fishbase.ca/references/FBRefSummary.php?id=9980 target='_blank' >Vladykov et al. 1963</a>
Acipenser fulvescens,Lake Sturgeon,Esturgeon jaune,Female,900,NA,TL,NA,Not Specified.,<a href=http://fishbase.ca/references/FBRefSummary.php?id=52332 target='_blank' >Rochard et al. 1991</a>
Acipenser fulvescens,Lake Sturgeon,Esturgeon jaune,Male,850,NA,TL,NA,Not Specified.,<a href=http://fishbase.ca/references/FBRefSummary.php?id=52332 target='_blank' >Rochard et al. 1991</a>
Acipenser medirostris,Green Sturgeon,Esturgeon vert,Mixed,1000,NA,TL,NA,Not Specified.,<a href=http://fishbase.ca/references/FBRefSummary.php?id=52332 target='_blank' >Rochard et al. 1991</a>
Acipenser medirostris,Green Sturgeon,Esturgeon vert,Unsexed,NA,1000,TL,Russian Federation,Sea of Japan,<a href=http://fishbase.ca/references/FBRefSummary.php?id=56557 target='_blank' >Novikov et al. 2002</a>
Acipenser oxyrinchus,Atlantic Sturgeon,Esturgeon noir,Female,1829,NA,NA,United States,"Hudson River, New York",<a href=http://fishbase.ca/references/FBRefSummary.php?id=4639 target='_blank' >Jones et al. 1978</a>
Acipenser oxyrinchus,Atlantic Sturgeon,Esturgeon noir,Female,NA,1900,TL,United States,St. Lawrence River,<a href=http://fishbase.ca/references/FBRefSummary.php?id=1998 target='_blank' >Scott et al. 1973</a>
Acipenser oxyrinchus,Atlantic Sturgeon,Esturgeon noir,Male,1219,NA,NA,United States,"Hudson River, New York",<a href=http://fishbase.ca/references/FBRefSummary.php?id=4639 target='_blank' >Jones et al. 1978</a>
Acipenser oxyrinchus,Atlantic Sturgeon,Esturgeon noir,Male,NA,1650,TL,United States,St. Lawrence River,<a href=http://fishbase.ca/references/FBRefSummary.php?id=1998 target='_blank' >Scott et al. 1973</a>
Acipenser transmontanus,White Sturgeon,Esturgeon blanc,Unsexed,NA,1120,NA,United States,California,<a href=http://fishbase.ca/references/FBRefSummary.php?id=796 target='_blank' >Beverton et al. 1959</a>
Acipenser transmontanus,White Sturgeon,Esturgeon blanc,Female,NA,1600,FL,NA,Lower Columbia River,<a href=http://fishbase.ca/references/FBRefSummary.php?id=34045 target='_blank' >DeVore et al. 1995</a>
Scaphirhynchus albus,Pallid Sturgeon,Esturgeon pâle,Male,500,NA,TL,NA,Not Specified.,<a href=http://fishbase.ca/references/FBRefSummary.php?id=52332 target='_blank' >Rochard et al. 1991</a>
Scaphirhynchus platorynchus,Shovelnose Sturgeon,Esturgeon à museau plat,Mixed,350,NA,TL,Mexico,Not Specified,<a href=http://fishbase.ca/references/FBRefSummary.php?id=52332 target='_blank' >Rochard et al. 1991</a>
Scaphirhynchus platorynchus,Shovelnose Sturgeon,Esturgeon à museau plat,Female,449,547,FL,United States,"Lower Platte River, Nebraska, 2011-2012",<a href=http://fishbase.ca/references/FBRefSummary.php?id=102340 target='_blank' >Hamel et al. 2015</a>
Scaphirhynchus platorynchus,Shovelnose Sturgeon,Esturgeon à museau plat,Male,453,579,FL,United States,"Lower Platte River, Nebraska, 2011-2012",<a href=http://fishbase.ca/references/FBRefSummary.php?id=102340 target='_blank' >Hamel et al. 2015</a>
Amia calva,Bowfin,Poisson-castor,Female,610,NA,NA,NA,North America,<a href=http://fishbase.ca/references/FBRefSummary.php?id=1998 target='_blank' >Scott et al. 1973</a>
Amia calva,Bowfin,Poisson-castor,Male,457,NA,NA,NA,North America,<a href=http://fishbase.ca/references/FBRefSummary.php?id=1998 target='_blank' >Scott et al. 1973</a>
Amia calva,Bowfin,Poisson-castor,Female,380,NA,TL,United States,Chesapeake Bay,<a href=http://fishbase.ca/references/FBRefSummary.php?id=93252 target='_blank' >Murdy et al. 2013</a>
Coregonus autumnalis,Arctic Cisco,Cisco arctique,Mixed,280,NA,FL,Russian Federation,Enisey River,<a href=http://fishbase.ca/references/FBRefSummary.php?id=56502 target='_blank' >Podlesnyi 1958</a>
Coregonus hoyi,Bloater,NA,Mixed,NA,183,TL,United States,"Apostle Islands Region, Lake Superior",<a href=http://fishbase.ca/references/FBRefSummary.php?id=52232 target='_blank' >Dryer et al. 1968</a>
Coregonus kiyi,Kiyi,NA,Unsexed,NA,180,NA,United States,USA,<a href=http://fishbase.ca/references/FBRefSummary.php?id=796 target='_blank' >Beverton et al. 1959</a>
Coregonus nasus,Broad Whitefish,Corégone tschir,Mixed,420,NA,FL,Russian Federation,Enisey River,<a href=http://fishbase.ca/references/FBRefSummary.php?id=56502 target='_blank' >Podlesnyi 1958</a>
Prosopium cylindraceum,Round Whitefish,Ménomini rond,Female,NA,300,NG,Russian Federation,Anadyr River,<a href=http://fishbase.ca/references/FBRefSummary.php?id=56521 target='_blank' >Reshetniko... 1980</a>
Prosopium cylindraceum,Round Whitefish,Ménomini rond,Male,NA,270,NG,Russian Federation,Anadyr River,<a href=http://fishbase.ca/references/FBRefSummary.php?id=56521 target='_blank' >Reshetniko... 1980</a>
Oncorhynchus clarkii,Cutthroat Trout,Truite fardée,Unsexed,100,NA,TL,United States,Near South Fork Snake River,<a href=http://fishbase.ca/references/FBRefSummary.php?id=48950 target='_blank' >Meyer et al. 2003</a>
Oncorhynchus clarkii,Cutthroat Trout,Truite fardée,Unsexed,300,NA,TL,United States,South Fork Snake River,<a href=http://fishbase.ca/references/FBRefSummary.php?id=48950 target='_blank' >Meyer et al. 2003</a>
Oncorhynchus clarkii,Cutthroat Trout,Truite fardée,Female,150,NA,SL,United States,Upper Missouri River Drainage,<a href=http://fishbase.ca/references/FBRefSummary.php?id=74494 target='_blank' >Downs et al. 1997</a>
Oncorhynchus clarkii,Cutthroat Trout,Truite fardée,Male,110,NA,TL,United States,Upper Missouri River Drainage,<a href=http://fishbase.ca/references/FBRefSummary.php?id=74494 target='_blank' >Downs et al. 1997</a>
Salvelinus confluentus,Bull Trout,Omble à tête plate,Unsexed,580,720,SL,NA,"Tributaries to Thutade Lake, Northcentral BC",<a href=http://fishbase.ca/references/FBRefSummary.php?id=49186 target='_blank' >Baxter et al. 1997</a>
Salvelinus malma,Dolly Varden,Dolly varden,Unsexed,200,NA,NG,NA,Not Specified (Probably in North Korea),<a href=http://fishbase.ca/references/FBRefSummary.php?id=12218 target='_blank' >Chyung 1977</a>
Salvelinus malma,Dolly Varden,Dolly varden,Unsexed,NA,320,NA,Alaska (USA),Alaska,<a href=http://fishbase.ca/references/FBRefSummary.php?id=40572 target='_blank' >Armstrong et al. 1980</a>
Salvelinus malma,Dolly Varden,Dolly varden,Unsexed,120,150,SL,NA,"Tributaries to Thutade Lake, Northcentral BC",<a href=http://fishbase.ca/references/FBRefSummary.php?id=49186 target='_blank' >Baxter et al. 1997</a>
Stenodus leucichthys,Inconnu,Inconnu,Female,700,NA,FL,Russian Federation,"Anadyr Basin, 1972-96",<a href=http://fishbase.ca/references/FBRefSummary.php?id=38435 target='_blank' >Chereshnev et al. 2000</a>
Stenodus leucichthys,Inconnu,Inconnu,Male,650,NA,FL,Russian Federation,"Anadyr Basin, 1972-96",<a href=http://fishbase.ca/references/FBRefSummary.php?id=38435 target='_blank' >Chereshnev et al. 2000</a>
Stenodus leucichthys,Inconnu,Inconnu,Mixed,480,NA,FL,Russian Federation,Enisey River,<a href=http://fishbase.ca/references/FBRefSummary.php?id=56502 target='_blank' >Podlesnyi 1958</a>
Stenodus leucichthys,Inconnu,Inconnu,Unsexed,600,NA,SL,NA,Arctic Ocean Basin,<a href=http://fishbase.ca/references/FBRefSummary.php?id=59043 target='_blank' >Kottelat et al. 2007</a>
Thymallus arcticus,Arctic Grayling,Ombre arctique,Mixed,230,NA,FL,Russian Federation,Enisey River,<a href=http://fishbase.ca/references/FBRefSummary.php?id=56502 target='_blank' >Podlesnyi 1958</a>
Spirinchus thaleichthys,Longfin Smelt,Éperlan d'hiver,Unsexed,NA,90,TL,Alaska (USA),Alaska,<a href=http://fishbase.ca/references/FBRefSummary.php?id=56527 target='_blank' >Fadeev 2005</a>
Esox masquinongy,Muskellunge,Maskinongé,Female,NA,770,NA,United States,Chautauqua Lake,<a href=http://fishbase.ca/references/FBRefSummary.php?id=45885 target='_blank' >Bimber 1982</a>
Esox masquinongy,Muskellunge,Maskinongé,Male,NA,670,NA,United States,Chautauqua Lake,<a href=http://fishbase.ca/references/FBRefSummary.php?id=45885 target='_blank' >Bimber 1982</a>
Esox niger,Chain Pickerel,Brochet maillé,Unsexed,156,NA,NA,United States,Not Specified,<a href=http://fishbase.ca/references/FBRefSummary.php?id=39116 target='_blank' >Lewis 1971</a>
Couesius plumbeus,Lake Chub,Méné de lac,Female,NA,86,FL,NA,"Mile 66 Brook, Ten Mile Lake, Western Labrador, 1975",<a href=http://fishbase.ca/references/FBRefSummary.php?id=49192 target='_blank' >Bruce et al. 1976</a>
Couesius plumbeus,Lake Chub,Méné de lac,Male,75,NA,FL,NA,"Mile 66 Brook, Ten Mile Lake, Western Labrador, 1975",<a href=http://fishbase.ca/references/FBRefSummary.php?id=49192 target='_blank' >Bruce et al. 1976</a>
Hybognathus hankinsoni,Brassy Minnow,Mémé laiton,Unsexed,NA,57,SL,Canada,Ontario,<a href=http://fishbase.ca/references/FBRefSummary.php?id=58612 target='_blank' >Portt et al. 1988</a>
Mylocheilus caurinus,Peamouth,Méné deux-barres,Female,NA,249,TL,United States,Washington,<a href=http://fishbase.ca/references/FBRefSummary.php?id=58470 target='_blank' >Wydoski et al. 1979</a>
Nocomis micropogon,River Chub,NA,Unsexed,NA,110,SL,Canada,Ontario,<a href=http://fishbase.ca/references/FBRefSummary.php?id=1998 target='_blank' >Scott et al. 1973</a>
Notropis atherinoides,Emerald Shiner,Méné émeraude,Unsexed,NA,42,SL,Canada,Ontario Lake,<a href=http://fishbase.ca/references/FBRefSummary.php?id=58612 target='_blank' >Portt et al. 1988</a>
Notropis bifrenatus,Bridle Shiner,Méné d'herbe,Unsexed,NA,35,SL,United States,Virginia,<a href=http://fishbase.ca/references/FBRefSummary.php?id=54724 target='_blank' >Jenkins et al. 1993</a>
Luxilus chrysocephalus,Striped Shiner,Méné rayé,Female,NA,67,SL,United States,Virginia,<a href=http://fishbase.ca/references/FBRefSummary.php?id=52559 target='_blank' >Coker et al. 2001</a>
Luxilus cornutus,Common Shiner,Méné à nageoires rouges,Unsexed,NA,74,SL,Canada,Ontario,<a href=http://fishbase.ca/references/FBRefSummary.php?id=58612 target='_blank' >Portt et al. 1988</a>
Lythrurus umbratilis,Redfin Shiner,Méné d’ombre,Unsexed,NA,30,SL,United States,Mississippi,<a href=http://fishbase.ca/references/FBRefSummary.php?id=58620 target='_blank' >Matthews et al. 1984</a>
Rhinichthys cataractae,Longnose Dace,Naseux des rapides,Female,56,NA,SL,Canada,Coweeta Drainage,<a href=http://fishbase.ca/references/FBRefSummary.php?id=51971 target='_blank' >Roberts et al. 2001</a>
Catostomus catostomus,Longnose Sucker,Meunier rouge,Unsexed,130,NA,FL,NA,"Frye Creek, Sixteen Mile Lake",<a href=http://fishbase.ca/references/FBRefSummary.php?id=10928 target='_blank' >Geen et al. 1966</a>
Catostomus commersonii,White Sucker,Meunier noir,Unsexed,230,NA,FL,NA,"Frye Creek, Sixteenmile Lake",<a href=http://fishbase.ca/references/FBRefSummary.php?id=10928 target='_blank' >Geen et al. 1966</a>
Catostomus platyrhynchus,Mountain Sucker,Meunier des montagnes,Female,143,NA,TL,United States,"Lost Creek Reservoir, Utah, 1977",<a href=http://fishbase.ca/references/FBRefSummary.php?id=48536 target='_blank' >Wydoski et al. 2002</a>
Catostomus platyrhynchus,Mountain Sucker,Meunier des montagnes,Female,127,NA,TL,United States,Montana Streams,<a href=http://fishbase.ca/references/FBRefSummary.php?id=48879 target='_blank' >Hauser 1969</a>
Catostomus platyrhynchus,Mountain Sucker,Meunier des montagnes,Female,106,NA,TL,United States,"Shoal Creek, Utah and Bitter Creek, Wyoming",<a href=http://fishbase.ca/references/FBRefSummary.php?id=10452 target='_blank' >Smith 1966</a>
Catostomus platyrhynchus,Mountain Sucker,Meunier des montagnes,Male,115,NA,TL,United States,"Lost Creek Reservoir, Utah, 1977",<a href=http://fishbase.ca/references/FBRefSummary.php?id=48536 target='_blank' >Wydoski et al. 2002</a>
Catostomus platyrhynchus,Mountain Sucker,Meunier des montagnes,Male,107,NA,TL,United States,Montana Streams,<a href=http://fishbase.ca/references/FBRefSummary.php?id=48879 target='_blank' >Hauser 1969</a>
Catostomus platyrhynchus,Mountain Sucker,Meunier des montagnes,Male,76,NA,TL,United States,"Shoal Creek, Utah and Bitter Creek, Wyoming",<a href=http://fishbase.ca/references/FBRefSummary.php?id=10452 target='_blank' >Smith 1966</a>
Chasmistes liorus,June Sucker,Catostome noir nain,Unsexed,440,NA,TL,United States,Utah Lake.,<a href=http://fishbase.ca/references/FBRefSummary.php?id=35393 target='_blank' >Whitney et al. 2000</a>
Percopsis omiscomaycus,Trout-Perch,Omisco,Female,75,NA,TL,United States,"SE Lake Michigan, 1970",<a href=http://fishbase.ca/references/FBRefSummary.php?id=51953 target='_blank' >House et al. 1973</a>
Fundulus heteroclitus,Mummichog,Choquemort,Unsexed,35,NA,SL,NA,Not Specified,<a href=http://fishbase.ca/references/FBRefSummary.php?id=59043 target='_blank' >Kottelat et al. 2007</a>
Labidesthes sicculus,Brook Silverside,Crayon d'argent,Unsexed,NA,70,NA,NA,USA,<a href=http://fishbase.ca/references/FBRefSummary.php?id=796 target='_blank' >Beverton et al. 1959</a>
Pungitius pungitius,Ninespine Stickleback,Épinoche à neuf épines,Unsexed,NA,37,NA,England and Wales (UK),"Cheshire, England",<a href=http://fishbase.ca/references/FBRefSummary.php?id=796 target='_blank' >Beverton et al. 1959</a>
Morone chrysops,White Bass,Bar blanc,Female,NA,280,TL,United States,"Lake Erie, 1927-29",<a href=http://fishbase.ca/references/FBRefSummary.php?id=3380 target='_blank' >van Oosten 1942</a>
Morone chrysops,White Bass,Bar blanc,Male,NA,210,TL,United States,"Lake Erie, 1927-29",<a href=http://fishbase.ca/references/FBRefSummary.php?id=3380 target='_blank' >van Oosten 1942</a>
Micropterus dolomieu,Smallmouth Bass,Achigan à petite bouche,Female,220,NA,TL,United States,"Nebish Lake, Wisconsin",<a href=http://fishbase.ca/references/FBRefSummary.php?id=40678 target='_blank' >Raffetto et al. 1990</a>
Micropterus dolomieu,Smallmouth Bass,Achigan à petite bouche,Male,200,NA,TL,United States,"Nebish Lake, Wisconsin",<a href=http://fishbase.ca/references/FBRefSummary.php?id=32487 target='_blank' >Baylis et al. 1993</a>
Sander canadensis,Sauger,Doré noir,Female,NA,320,NA,Canada,Lake Nipigon,<a href=http://fishbase.ca/references/FBRefSummary.php?id=796 target='_blank' >Beverton et al. 1959</a>
Sander vitreus,Walleye,Doré jaune,Female,360,NA,TL,Canada,To be Filled,<a href=http://fishbase.ca/references/FBRefSummary.php?id=33236 target='_blank' >Malison et al. 1996</a>
Sander vitreus,Walleye,Doré jaune,Male,280,NA,TL,Canada,To be Filled,<a href=http://fishbase.ca/references/FBRefSummary.php?id=33236 target='_blank' >Malison et al. 1996</a>
Cottus cognatus,Slimy Sculpin,Chabot visqueux,Unsexed,NA,74,TL,Alaska (USA),Chandalar River,<a href=http://fishbase.ca/references/FBRefSummary.php?id=28921 target='_blank' >Craig et al. 1976</a>
Gymnocephalus cernua,Eurasian Ruffe,Grémille,Female,NA,105,NA,NA,Not Stated,<a href=http://fishbase.ca/references/FBRefSummary.php?id=88808 target='_blank' >Teletchea et al. 2009</a>
Gymnocephalus cernua,Eurasian Ruffe,Grémille,Male,NA,100,NA,NA,Not Stated,<a href=http://fishbase.ca/references/FBRefSummary.php?id=88808 target='_blank' >Teletchea et al. 2009</a>
Gobio gobio,Gudgeon,Gofi,Unsexed,120,135,TL,United Kingdom,British Isles,<a href=http://fishbase.ca/references/FBRefSummary.php?id=6258 target='_blank' >Maitland et al. 1992</a>
Gobio gobio,Gudgeon,Gofi,Female,NA,93,TL,England and Wales (UK),"River Stour, Southern England",<a href=http://fishbase.ca/references/FBRefSummary.php?id=41750 target='_blank' >Mann 1980</a>
Gobio gobio,Gudgeon,Gofi,Male,NA,105,TL,England and Wales (UK),"River Frome, Southern England",<a href=http://fishbase.ca/references/FBRefSummary.php?id=41750 target='_blank' >Mann 1980</a>
Gobio gobio,Gudgeon,Gofi,Male,NA,97,TL,England and Wales (UK),"River Stour, Southern England",<a href=http://fishbase.ca/references/FBRefSummary.php?id=41750 target='_blank' >Mann 1980</a>
Thymallus thymallus,European Grayling,Ombre commun,Unsexed,NA,300,NA,Finland,"Rautalampi Water System, Central Finland",<a href=http://fishbase.ca/references/FBRefSummary.php?id=6114 target='_blank' >Koli 1990</a>
Leuciscus leuciscus,Common Dace,Vandoise,Unsexed,140,NA,NA,Finland,Finland,<a href=http://fishbase.ca/references/FBRefSummary.php?id=6114 target='_blank' >Koli 1990</a>
Leuciscus leuciscus,Common Dace,Vandoise,Unsexed,NA,170,TL,Poland,Lodz,<a href=http://fishbase.ca/references/FBRefSummary.php?id=41616 target='_blank' >W<fc>stemann et al. 1995</a>
Leuciscus leuciscus,Common Dace,Vandoise,Female,NA,179,TL,England and Wales (UK),"Southern England, Rivers",<a href=http://fishbase.ca/references/FBRefSummary.php?id=52212 target='_blank' >Mann 1974</a>
Leuciscus leuciscus,Common Dace,Vandoise,Male,NA,163,TL,England and Wales (UK),"Southern England, Rivers",<a href=http://fishbase.ca/references/FBRefSummary.php?id=52212 target='_blank' >Mann 1974</a>
Alosa fallax,Twaite Shad,Alose feinte,Female,NA,285,TL,Tunisia,Tunisia Lagoon;,<a href=http://fishbase.ca/references/FBRefSummary.php?id=2285 target='_blank' >Conseil G<e9>... 1982</a>
Alosa fallax,Twaite Shad,Alose feinte,Male,NA,165,TL,Tunisia,Tunisia Lagoon,<a href=http://fishbase.ca/references/FBRefSummary.php?id=2285 target='_blank' >Conseil G<e9>... 1982</a>
Alosa fallax,Twaite Shad,Alose feinte,Female,NA,364,FL,Scotland (UK),"Solway Firth, 1989-94",<a href=http://fishbase.ca/references/FBRefSummary.php?id=83392 target='_blank' >Maitland et al. 2005</a>
Alosa fallax,Twaite Shad,Alose feinte,Male,NA,341,FL,Scotland (UK),"Solway Firth, 1989-94",<a href=http://fishbase.ca/references/FBRefSummary.php?id=83392 target='_blank' >Maitland et al. 2005</a>
Dallia pectoralis,Alaska Blackfish,Dallia,Unsexed,NA,50,NA,United States,Alaska,"<a href=http://fishbase.us/references/FBRefSummary.php?id=10280 target='_blank' >McPhail and Lindsey, 1970</a>"
Alosa pseudoharengus,Alewife,Gaspareau,Unsexed,NA,138,SL,NA,NA,<a href=http://science-catalogue.canada.ca/record=b3889726~S6 target='_blank' >Minns et al. 1993</a>
Anguilla rostrata,American Eel,Anguille d'Amérique,Male,NA,290,TL,NA,NA,<a href=http://fishbase.us/references/FBRefSummary.php?id=12204 target='_blank' >Coad et al. 1995</a>
Anguilla rostrata,American Eel,Anguille d'Amérique,Female,NA,460,TL,NA,NA,<a href=http://fishbase.us/references/FBRefSummary.php?id=12204 target='_blank' >Coad et al. 1995</a>
Alosa sapidissima,American Shad,Alose savoureuse,Unsexed,NA,470,NA,NA,NA,<a href=http://fishbase.us/references/FBRefSummary.php?id=52559 target='_blank' >Coker et al. 2001</a>
Salvelinus alpinus alpinus,Arctic Char,Omble chevalier,Unsexed,NA,363,FL,Canada,"Frobisher Bay, Nunavut","<a href=http://www.fishbase.org/References/FBRefSummary.php?id=114745 target='_blank' >Scott and Crossman, 1973</a>"
Thymallus arcticus,Arctic Grayling,Ombre arctique,Unsexed,NA,326,FL,Canada,"Prairie Creek, Alberta","<a href=http://www.fishbase.org/References/FBRefSummary.php?id=114745 target='_blank' >Scott and Crossman, 1973</a>"
Lethenteron camtschaticum,Arctic Lamprey,Lamproie arctique,Unsexed,NA,180,NA,United States,Alaska,"<a href=http://www.fishbase.org/References/FBRefSummary.php?id=114745 target='_blank' >Scott and Crossman, 1973</a>"
Salmo salar,Atlantic Salmon,Saumon Atlantique,Unsexed,NA,800,NA,NA,NA,<a href=http://fishbase.us/references/FBRefSummary.php?id=58584 target='_blank' >Minns et al. 1993</a>
Fundulus diaphanus,Banded Killifish,Fondule barré,Unsexed,NA,53,SL,NA,NA,<a href=http://science-catalogue.canada.ca/record=b3896533~S6 target='_blank' >Portt et al. 1988</a>
Coregonus laurettae,Bering Cisco,Cisco de Béring,Unsexed,NA,345,FL,United States,Alaska,"<a href=http://fishbase.us/references/FBRefSummary.php?id=28864 target='_blank' >Alt, 1973</a>"
Ictiobus cyprinellus,Bigmouth Buffalo,Poisson-taureau,Unsexed,NA,400,NA,Canada,Ontario,<a href=http://fishbase.us/references/FBRefSummary.php?id=52559 target='_blank' >Coker et al. 2001</a>
Notropis dorsalis,Bigmouth Shiner,Méné à grande bouche,Unsexed,NA,48,TL,United States,"Des Moines River, Iowa",<a href=http://fishbase.us/references/FBRefSummary.php?id=52559 target='_blank' >Coker et al. 2001</a>
Ictiobus niger,Black Buffalo,NA,Unsexed,225,308,NA,United States,NA,<a href=http://fishbase.us/references/FBRefSummary.php?id=52559 target='_blank' >Coker et al. 2001</a>
Ameiurus melas,Black Bullhead,Poisson-chat,Unsexed,NA,220,TL,United States,North Dakota,"<a href=http://www.fishbase.org/References/FBRefSummary.php?id=114745 target='_blank' >Scott and Crossman, 1973</a>"
Pomoxis nigromaculatus,Black Crappie,Marigane noire,Unsexed,NA,192,SL,NA,NA,<a href=http://science-catalogue.canada.ca/record=b3896533~S6 target='_blank' >Portt et al. 1988</a>
Moxostoma duquesnii,Black Redhorse,NA,Unsexed,NA,230,NA,United States,Wisconsin,"<a href=http://fishbase.us/references/FBRefSummary.php?id=54725 target='_blank' >Becker, 1983</a>"
Notropis heterodon,Blackchin Shiner,Menton noir,Unsexed,NA,37,SL,NA,NA,<a href=http://science-catalogue.canada.ca/record=b3896533~S6 target='_blank' >Portt et al. 1988</a>
Coregonus nigripinnis,Blackfin Cisco,NA,Unsexed,NA,183,SL,Canada,Lake Winnipeg,"<a href=http://www.fishbase.org/References/FBRefSummary.php?id=114745 target='_blank' >Scott and Crossman, 1973</a>"
Rhinichthys atratulus,Blacknose Dace,Naseux noir,Unsexed,NA,49,SL,NA,NA,<a href=http://science-catalogue.canada.ca/record=b3896533~S6 target='_blank' >Portt et al. 1988</a>
Notropis heterolepis,Blacknose Shiner,Museau noir,Unsexed,NA,24,SL,NA,NA,<a href=http://science-catalogue.canada.ca/record=b3896533~S6 target='_blank' >Portt et al. 1988</a>
Percina maculata,Blackside Darter,NA,Unsexed,NA,70,TL,United States,Wisconsin,"<a href=http://fishbase.us/references/FBRefSummary.php?id=54725 target='_blank' >Becker, 1983</a>"
Fundulus notatus,Blackstripe Topminnow,NA,Unsexed,36,38,TL,United States,"Fox River, Wisconsin","<a href=http://fishbase.us/references/FBRefSummary.php?id=54725 target='_blank' >Becker, 1983</a>"
Fundulus notatus,Blackstripe Topminnow,NA,Mixed,41,48,TL,United States,"Rock River, Wisconsin","<a href=http://fishbase.us/references/FBRefSummary.php?id=54725 target='_blank' >Becker, 1983</a>"
Coregonus hoyi,Bloater,NA,Unsexed,NA,208,FL,Canada,Lake Ontario,<a href=http://fishbase.us/references/FBRefSummary.php?id=52559 target='_blank' >Coker et al. 2001</a>
Alosa aestivalis,Blueback Herring,Alose d'été,Unsexed,NA,195,NA,Canada,NA,<a href=http://fishbase.us/references/FBRefSummary.php?id=52559 target='_blank' >Coker et al. 2001</a>
Lepomis macrochirus,Bluegill,Crapet arlequin,Unsexed,NA,93,SL,NA,NA,<a href=http://science-catalogue.canada.ca/record=b3896533~S6 target='_blank' >Portt et al. 1988</a>
Pimephales notatus,Bluntnose Minnow,NA,Unsexed,NA,50,SL,NA,NA,<a href=http://science-catalogue.canada.ca/record=b3896533~S6 target='_blank' >Portt et al. 1988</a>
Catostomus columbianus,Bridgelip Sucker,Meunier de l'ouest,Unsexed,NA,378,FL,Canada,British Columbia,"<a href=http://dx.doi.org/10.1577/1548-8659(1980)109%3C92:LHOTBS%3E2.0.CO;2 target='_blank' >Dauble, 1980</a>"
Noturus miurus,Brindled Madtom,NA,Unsexed,51,61,NA,United States,Ohio,"<a href=http://fishbase.us/references/FBRefSummary.php?id=52559 target='_blank' >Scott and Crossman, 1973</a>"
Labidesthes sicculus,Brook Silverside,Crayon d'argent,Unsexed,NA,74,NA,NA,NA,<a href=http://fishbase.us/references/FBRefSummary.php?id=58584 target='_blank' >Minns et al. 1993</a>
Culaea inconstans,Brook Stickleback,Épinoche à cinq épines,Unsexed,NA,50,SL,NA,NA,<a href=http://science-catalogue.canada.ca/record=b3896533~S6 target='_blank' >Portt et al. 1988</a>
Salvelinus fontinalis,Brook Trout,Saumon de fontaine,Unsexed,NA,156,SL,Canada,Ontario Lake,<a href=http://fishbase.us/references/FBRefSummary.php?id=10280 target='_blank' >Portt et al. 1988</a>
Ameiurus nebulosus,Brown Bullhead,Barbotte brune,Unsexed,NA,161,SL,Canada,Ontario Lake,<a href=http://science-catalogue.canada.ca/record=b3896533~S6 target='_blank' >Portt et al. 1988</a>
Salmo trutta,Brown Trout,Truite commune,Unsexed,NA,258,NA,NA,NA,<a href=http://fishbase.us/references/FBRefSummary.php?id=58584 target='_blank' >Minns et al. 1993</a>
Salvelinus confluentus,Bull Trout,Omble à tête plate,Unsexed,NA,385,NA,Canada,British Columbia,<a href=http://publications.gc.ca/pub?id=9.562530&sl=0 target='_blank' >Ford et al. 1995</a>
Lota lota,Burbot,Lotte,Unsexed,NA,370,SL,NA,NA,<a href=http://science-catalogue.canada.ca/record=b3896533~S6 target='_blank' >Portt et al. 1988</a>
Umbra limi,Central Mudminnow,Umbre de vase,Unsexed,NA,110,SL,NA,NA,<a href=http://science-catalogue.canada.ca/record=b3896533~S6 target='_blank' >Portt et al. 1988</a>
Campostoma anomalum,Central Stoneroller,Roule-caillou,Female,70,NA,NA,Canada,"Thames River, Ontario",<a href=http://fishbase.us/references/FBRefSummary.php?id=52559 target='_blank' >Coker et al. 2001</a>
Campostoma anomalum,Central Stoneroller,Roule-caillou,Male,75,NA,NA,Canada,"Thames River, Ontario",<a href=http://fishbase.us/references/FBRefSummary.php?id=52559 target='_blank' >Coker et al. 2001</a>
Esox niger,Chain Pickerel,Brochet maillé,Unsexed,NA,440,TL,Canada,New Brunswick,"<a href=http://www.fishbase.org/References/FBRefSummary.php?id=114745 target='_blank' >Scott and Crossman, 1973</a>"
Ictalurus punctatus,Channel Catfish,Barbue de rivière,Unsexed,NA,337,NA,NA,NA,<a href=http://fishbase.us/references/FBRefSummary.php?id=58584 target='_blank' >Minns et al. 1993</a>
Percina copelandi,Channel Darter,Fouille-roche gris,Female,NA,35,SL,NA,NA,"<a href=http://fishbase.us/references/FBRefSummary.php?id=54724 target='_blank' >Jenkins and Burkhead, 1993</a>"
Oncorhynchus tshawytscha,Chinook Salmon,Saumon chinook,Unsexed,NA,750,NA,NA,NA,<a href=http://fishbase.us/references/FBRefSummary.php?id=58584 target='_blank' >Minns et al. 1993</a>
Oncorhynchus keta,Chum Salmon,Saumon keta,Unsexed,NA,681,FL,Canada,"Fraser River, British Columbia","<a href=http://fishbase.us/references/FBRefSummary.php?id=52559 target='_blank' >Scott and Crossman, 1973</a>"
Coregonus artedi,Cisco,Cisco de lac,Unsexed,NA,246,SL,NA,NA,<a href=http://fishbase.us/references/FBRefSummary.php?id=10280 target='_blank' >Portt et al. 1988</a>
Cottus aleuticus,Coastrange Sculpin,Chabot côtier,Unsexed,NA,71,TL,United States,Oregon,"<a href=http://fishbase.us/references/FBRefSummary.php?id=58470 target='_blank' >Wydoski and Whitney, 1979</a>"
Oncorhynchus kisutch,Coho Salmon,Saumon coho,Unsexed,NA,635,NA,NA,NA,<a href=http://fishbase.us/references/FBRefSummary.php?id=58584 target='_blank' >Minns et al. 1993</a>
Cyprinus carpio,Common Carp,Carpe,Unsexed,NA,353,SL,NA,NA,<a href=http://science-catalogue.canada.ca/record=b3896533~S6 target='_blank' >Portt et al. 1988</a>
Moxostoma hubbsi,Copper Redhorse,NA,Mixed,NA,652,NA,Canada,Quebec,"<a href=http://www.fishbase.org/References/FBRefSummary.php?id=114745 target='_blank' >Scott and Crossman, 1973</a>"
Semotilus atromaculatus,Creek Chub,Mulet à cornes,Unsexed,NA,87,SL,NA,NA,<a href=http://science-catalogue.canada.ca/record=b3896533~S6 target='_blank' >Portt et al. 1988</a>
Exoglossum maxillingua,Cutlips Minnow,Bec-de-lièvre,Unsexed,NA,80,NA,NA,NA,<a href=https://doi.org/10.2307/1436880 target='_blank' >Coker et al. 2001</a>
Oncorhynchus clarkii,Cutthroat Trout,Truite fardée,Unsexed,NA,363,FL,Canada,"Vancouver Island, British Columbia","<a href=http://www.fishbase.org/References/FBRefSummary.php?id=114745 target='_blank' >Scott and Crossman, 1973</a>"
Lethenteron alaskense,Darktail Lamprey,NA,Unsexed,150,180,NA,United States,Alaska,<a href=http://fishbase.us/references/FBRefSummary.php?id=52559 target='_blank' >Coker et al. 2001</a>
Myoxocephalus thompsonii,Deepwater Sculpin,Chabot de profondeur,Unsexed,NA,81,TL,Canada,"Burchell Lake, Ontario","<a href=https://doi.org/10.1139/z81-196 target='_blank' >Black and Lankester, 1981</a>"
Salvelinus malma,Dolly Varden,Dolly varden,Unsexed,NA,206,FL,United States,Alaska,<a href=http://fishbase.us/references/FBRefSummary.php?id=52559 target='_blank' >Coker et al. 2001</a>
Ammocrypta pellucida,Eastern Sand Darter,Dard de sable,Unsexed,NA,36,SL,NA,NA,"<a href=http://science-catalogue.canada.ca/record=b3654104~S6 target='_blank' >Holm and Mandrak, 1995</a>"
Thaleichthys pacificus,Eulachon,Eulakane,Unsexed,104,124,FL,Canada,British Columbia,"<a href=http://www.fishbase.org/References/FBRefSummary.php?id=114745 target='_blank' >Scott and Crossman, 1973</a>"
Etheostoma flabellare,Fantail Darter,Dard barré,Unsexed,NA,55,TL,United States,West and North of Viginia,"<a href=http://fishbase.us/references/FBRefSummary.php?id=54724 target='_blank' >Jenkins and Burkhead, 1993</a>"
Pimephales promelas,Fathead Minnow,Tête de boule,Unsexed,NA,54,SL,NA,NA,<a href=http://science-catalogue.canada.ca/record=b3896533~S6 target='_blank' >Portt et al. 1988</a>
Chrosomus neogaeus,Finescale Dace,Ventre citron,Unsexed,NA,59,SL,NA,NA,<a href=http://science-catalogue.canada.ca/record=b3896533~S6 target='_blank' >Portt et al. 1988</a>
Platygobio gracilis,Flathead Chub,Méné à tête plate,Unsexed,NA,180,NA,Canada,"Peace River, Alberta","<a href=http://www.fishbase.org/References/FBRefSummary.php?id=78981 target='_blank' >Nelson and Paetz, 1992</a>"
Myoxocephalus quadricornis,Fourhorn Sculpin,NA,Male,NA,150,TL,Canada,"Tuktoyaktuk Peninsula, Nortwest Territories","<a href=http://www.fishbase.org/References/FBRefSummary.php?id=58522 target='_blank' >Houston, 1990b</a>"
Myoxocephalus quadricornis,Fourhorn Sculpin,NA,Female,NA,180,TL,Canada,"Tuktoyaktuk Peninsula, Nortwest Territories","<a href=http://www.fishbase.org/References/FBRefSummary.php?id=58522 target='_blank' >Houston, 1990b</a>"
Apeltes quadracus,Fourspine Stickleback,Épinoche à quatre épines,Unsexed,NA,41,SL,NA,NA,<a href=http://fishbase.us/references/FBRefSummary.php?id=58584 target='_blank' >Minns et al. 1993</a>
Aplodinotus grunniens,Freshwater Drum,Malachigan,Unsexed,NA,292,NA,NA,NA,<a href=http://fishbase.us/references/FBRefSummary.php?id=58584 target='_blank' >Minns et al. 1993</a>
Notropis buchanani,Ghost Shiner,Méné fantôme,Unsexed,NA,43,NA,NA,NA,<a href=http://fishbase.us/references/FBRefSummary.php?id=52559 target='_blank' >Coker et al. 2001</a>
Dorosoma cepedianum,Gizzard Shad,Alose à gésier,Unsexed,NA,279,SL,NA,NA,<a href=http://science-catalogue.canada.ca/record=b3889726~S6 target='_blank' >Minns et al. 1993</a>
Moxostoma erythrurum,Golden Redhorse,NA,Unsexed,NA,259,NA,United States,Wisconsin,"<a href=http://fishbase.us/references/FBRefSummary.php?id=54725 target='_blank' >Becker, 1983</a>"
Oncorhynchus aguabonita,Golden Trout,NA,Unsexed,NA,335,TL,United States,Montana,"<a href=http://fishbase.us/references/FBRefSummary.php?id=58470 target='_blank' >Wydoski and Whitney, 1979</a>"
Hiodon alosoides,Goldeye,Laquaiche aux yeux d'or,Unsexed,NA,320,FL,NA,North America,<a href=http://fishbase.us/references/FBRefSummary.php?id=52559 target='_blank' >Coker et al. 2001</a>
Carassius auratus,Goldfish,NA,Unsexed,NA,175,NA,NA,NA,<a href=http://science-catalogue.canada.ca/record=b3889726~S6 target='_blank' >Minns et al. 1993</a>
Esox americanus vermiculatus,Grass Pickerel,NA,Unsexed,124,166,FL,Canada,"Jones Creek, Ontario","<a href=http://fishbase.us/references/FBRefSummary.php?id=52559 target='_blank' >Scott and Crossman, 1973</a>"
Erimystax x-punctatus,Gravel Chub,Gravelier,Unsexed,NA,81,TL,United States,Missouri,"<a href=http://fishbase.us/references/FBRefSummary.php?id=54725 target='_blank' >Becker, 1983</a>"
Moxostoma valenciennesi,Greater Redhorse,Chevalier jaune,Male,NA,460,SL,Canada,Lake Ontario Drainage,"<a href=http://fishbase.us/references/FBRefSummary.php?id=54725 target='_blank' >Becker, 1983</a>"
Lepomis cyanellus,Green Sunfish,NA,Unsexed,NA,76,NA,NA,NA,<a href=http://fishbase.us/references/FBRefSummary.php?id=58584 target='_blank' >Minns et al. 1993</a>
Etheostoma blennioides,Greenside Darter,NA,Unsexed,52,56,TL,Canada,"Grand River, Ontario","<a href=https://doi.org/10.1023/A:1007444811400 target='_blank' >Bunt et al. 1998; agrees with SL in Fahy, 1954</a>"
Nocomis biguttatus,Hornyhead Chub,NA,Unsexed,NA,93,SL,NA,NA,<a href=http://fishbase.us/references/FBRefSummary.php?id=58584 target='_blank' >Minns et al. 1993</a>
Stenodus leucichthys,Inconnu,Inconnu,Unsexed,NA,610,SL,Canada,"Great Slave Lake, Northwest Territories","<a href=http://www.fishbase.org/References/FBRefSummary.php?id=114745 target='_blank' >Scott and Crossman, 1973</a>"
Etheostoma exile,Iowa Darter,Dard à ventre jaune,Unsexed,NA,43,SL,NA,NA,<a href=http://science-catalogue.canada.ca/record=b3896533~S6 target='_blank' >Portt et al. 1988</a>
Etheostoma nigrum,Johnny Darter,Raseux-de-terre noir,Unsexed,NA,37,SL,NA,NA,<a href=http://science-catalogue.canada.ca/record=b3896533~S6 target='_blank' >Portt et al. 1988</a>
Coregonus kiyi,Kiyi,NA,Male,NA,178,TL,United States,Lake Michigan,"<a href=http://fishbase.us/references/FBRefSummary.php?id=54725 target='_blank' >Becker, 1983</a>"
Coregonus kiyi,Kiyi,NA,Female,NA,173,TL,United States,Lake Michigan,"<a href=http://fishbase.us/references/FBRefSummary.php?id=54725 target='_blank' >Becker, 1983</a>"
Couesius plumbeus,Lake Chub,Méné de lac,Unsexed,NA,108,SL,NA,NA,<a href=http://science-catalogue.canada.ca/record=b3896533~S6 target='_blank' >Portt et al. 1988</a>
Erimyzon sucetta,Lake Chubsucker,NA,Unsexed,NA,208,NA,United States,Wisconsin,"<a href=http://fishbase.us/references/FBRefSummary.php?id=54725 target='_blank' >Becker, 1983</a>"
Acipenser fulvescens,Lake Sturgeon,Esturgeon jaune,Unsexed,NA,950,TL,NA,NA,"<a href=http://www.fishbase.org/References/FBRefSummary.php?id=114745 target='_blank' >Scott and Crossman, 1973</a>"
Salvelinus namaycush,Lake Trout,Touladi,Unsexed,NA,510,SL,NA,NA,<a href=http://science-catalogue.canada.ca/record=b3896533~S6 target='_blank' >Portt et al. 1988</a>
Coregonus clupeaformis,Lake Whitefish,Grand corégone,Unsexed,NA,236,SL,NA,NA,<a href=http://science-catalogue.canada.ca/record=b3896533~S6 target='_blank' >Portt et al. 1988</a>
Micropterus salmoides,Largemouth Bass,Achigan à grande bouche,Unsexed,NA,272,SL,NA,NA,<a href=http://science-catalogue.canada.ca/record=b3896533~S6 target='_blank' >Portt et al. 1988</a>
Catostomus macrocheilus,Largescale Sucker,Meunier à grandes écailles,Unsexed,NA,190,FL,Canada,British Columbia,"<a href=http://www.fishbase.org/References/FBRefSummary.php?id=114745 target='_blank' >Scott and Crossman, 1973</a>"
Etheostoma microperca,Least Darter,NA,Male,NA,34,TL,United States,"Dinner Creek, Minnesota","<a href=https://doi.org/10.2307/2426372 target='_blank' >Johnson and Hatch, 1991</a>"
Etheostoma microperca,Least Darter,NA,Female,NA,33,TL,United States,"Dinner Creek, Minnesota","<a href=https://doi.org/10.2307/2426372 target='_blank' >Johnson and Hatch, 1991</a>"
Rhinichthys falcatus,Leopard Dace,Naseux léopard,Unsexed,NA,70,FL,Canada,"Fraser River, British Columbia","<a href=http://www.fishbase.org/References/FBRefSummary.php?id=10307 target='_blank' >Gee and Northcote, 1963</a>"
Percina caprodes,Logperch,Dard-perche,Unsexed,NA,106,SL,NA,NA,<a href=http://science-catalogue.canada.ca/record=b3896533~S6 target='_blank' >Portt et al. 1988</a>
Lepomis megalotis,Longear Sunfish,Crapet à longues oreilles,Unsexed,NA,99,TL,United States,Michigan,"<a href=http://www.fishbase.org/References/FBRefSummary.php?id=114745 target='_blank' >Scott and Crossman, 1973</a>"
Spirinchus thaleichthys,Longfin Smelt,Éperlan d'hiver,Unsexed,NA,107,SL,NA,NA,<a href=http://fishbase.us/references/FBRefSummary.php?id=52559 target='_blank' >Coker et al. 2001</a>
Rhinichthys cataractae,Longnose Dace,Naseux des rapides,Unsexed,NA,74,SL,NA,NA,<a href=http://science-catalogue.canada.ca/record=b3896533~S6 target='_blank' >Portt et al. 1988</a>
Catostomus catostomus,Longnose Sucker,Meunier rouge,Unsexed,NA,240,SL,NA,NA,<a href=http://science-catalogue.canada.ca/record=b3896533~S6 target='_blank' >Portt et al. 1988</a>
Noturus insignis,Margined Madtom,NA,Unsexed,NA,103,TL,NA,NA,"<a href=http://fishbase.us/references/FBRefSummary.php?id=3527 target='_blank' >Carlander, 1969</a>"
Notropis volucellus,Mimic Shiner,Méné pâle,Unsexed,NA,35,SL,NA,NA,<a href=http://science-catalogue.canada.ca/record=b3896533~S6 target='_blank' >Portt et al. 1988</a>
Hiodon tergisus,Mooneye,Laquaiche argentée,Unsexed,NA,320,TL,NA,North America,<a href=http://fishbase.us/references/FBRefSummary.php?id=52559 target='_blank' >Coker et al. 2001</a>
Cottus bairdii,Mottled Sculpin,Chabot tacheté,Unsexed,NA,60,SL,NA,NA,<a href=http://science-catalogue.canada.ca/record=b3896533~S6 target='_blank' >Portt et al. 1988</a>
Prosopium williamsoni,Mountain Whitefish,Ménomini des montagnes,Unsexed,NA,230,NA,Canada,British Columbia,<a href=http://publications.gc.ca/pub?id=9.562530&sl=0 target='_blank' >Ford et al. 1995</a>
Fundulus heteroclitus,Mummichog,Choquemort,Unsexed,NA,38,NA,NA,NA,<a href=http://fishbase.us/references/FBRefSummary.php?id=12204 target='_blank' >Coad et al. 1995</a>
Esox masquinongy,Muskellunge,Maskinongé,Unsexed,NA,650,SL,NA,NA,<a href=http://science-catalogue.canada.ca/record=b3896533~S6 target='_blank' >Portt et al. 1988</a>
Pungitius pungitius,Ninespine Stickleback,Épinoche à neuf épines,Unsexed,NA,35,SL,NA,NA,<a href=http://science-catalogue.canada.ca/record=b3896533~S6 target='_blank' >Portt et al. 1988</a>
Hypentelium nigricans,Northern Hog Sucker,NA,Unsexed,NA,133,TL,United States,New York,"<a href=http://www.fishbase.org/References/FBRefSummary.php?id=114745 target='_blank' >Scott and Crossman, 1973</a>"
Noturus stigmosus,Northern Madtom,NA,Unsexed,NA,60,NA,United States,Ohio,<a href=http://fishbase.us/references/FBRefSummary.php?id=3987 target='_blank' >Coker et al. 2001</a>
Esox lucius,Northern Pike,Brochet,Unsexed,NA,534,SL,NA,NA,<a href=http://science-catalogue.canada.ca/record=b3896533~S6 target='_blank' >Portt et al. 1988</a>
Chrosomus eos,Northern Redbelly Dace,Ventre rouge du nord,Unsexed,NA,46,SL,NA,NA,<a href=http://science-catalogue.canada.ca/record=b3896533~S6 target='_blank' >Portt et al. 1988</a>
Ptychocheilus oregonensis,Northern Squawfish,NA,Unsexed,NA,305,NA,Canada,British Columbia,"<a href=http://www.fishbase.org/References/FBRefSummary.php?id=114745 target='_blank' >Scott and Crossman, 1973</a>"
Lepomis humilis,Orangespotted Sunfish,NA,Unsexed,NA,55,TL,Canada,"Cedar Creek, Ontario",<a href=http://fishbase.us/references/FBRefSummary.php?id=52559 target='_blank' >Coker et al. 2001</a>
Entosphenus tridentatus,Pacific Lamprey,Lamproie du Pacifique,Unsexed,NA,537,NA,Canada,"Thompson and Nicola Rivers, British Columbia",<a href=http://fishbase.us/references/FBRefSummary.php?id=52559 target='_blank' >Coker et al. 2001</a>
Oncorhynchus gorbuscha,Pink Salmon,Saumon rose,Unsexed,NA,411,NA,NA,NA,<a href=http://fishbase.us/references/FBRefSummary.php?id=58584 target='_blank' >Minns et al. 1993</a>
Hypomesus olidus,Pond Smelt,Éperlan à petite bouche,Unsexed,NA,75,NA,United States,Alaska,"<a href=http://fishbase.us/references/FBRefSummary.php?id=10280 target='_blank' >McPhail and Lindsey, 1970</a>"
Cottus asper,Prickly Sculpin,Chabot piquant,Female,NA,94,SL,United States,Washington,"<a href=http://fishbase.us/references/FBRefSummary.php?id=58470 target='_blank' >Wydoski and Whitney, 1979</a>"
Cottus asper,Prickly Sculpin,Chabot piquant,Unsexed,NA,71,SL,United States,Oregon,"<a href=http://fishbase.us/references/FBRefSummary.php?id=58470 target='_blank' >Wydoski and Whitney, 1979</a>"
Lepomis gibbosus,Pumpkinseed,Crapet-soleil,Unsexed,NA,59,SL,NA,NA,<a href=http://science-catalogue.canada.ca/record=b3896533~S6 target='_blank' >Portt et al. 1988</a>
Prosopium coulterii,Pygmy Whitefish,Ménomini pygmée,Male,91,NA,TL,NA,Lake Superior,"<a href=http://fishbase.us/references/FBRefSummary.php?id=28945 target='_blank' >Eschmeyer and Bailey, 1954</a>"
Prosopium coulterii,Pygmy Whitefish,Ménomini pygmée,Female,107,NA,TL,NA,Lake Superior,"<a href=http://fishbase.us/references/FBRefSummary.php?id=28945 target='_blank' >Eschmeyer and Bailey, 1954</a>"
Carpiodes cyprinus,Quillback,Couette,Unsexed,NA,472,SL,NA,NA,<a href=http://fishbase.us/references/FBRefSummary.php?id=58584 target='_blank' >Minns et al. 1993</a>
Etheostoma caeruleum,Rainbow Darter,Dard arc-en-ciel,Unsexed,34,43,TL,United States,Wisconsin,"<a href=http://fishbase.us/references/FBRefSummary.php?id=54725 target='_blank' >Becker, 1983</a>"
Osmerus mordax,Rainbow Smelt,Éperlan arc-en-ciel,Unsexed,NA,125,SL,NA,NA,<a href=http://science-catalogue.canada.ca/record=b3896533~S6 target='_blank' >Portt et al. 1988</a>
Oncorhynchus mykiss,Rainbow Trout,Truite arc-en-ciel,Unsexed,NA,349,SL,NA,NA,<a href=http://science-catalogue.canada.ca/record=b3896533~S6 target='_blank' >Portt et al. 1988</a>
Esox americanus americanus,Redfin Pickerel,Brochet d'Amérique,Unsexed,140,178,FL,United States,North Carolina,"<a href=http://fishbase.us/references/FBRefSummary.php?id=52559 target='_blank' >Scott and Crossman, 1973</a>"
Clinostomus elongatus,Redside Dace,Méné long,Male,NA,61.7,SL,United States,New York,"<a href=https://doi.org/10.2307/1436880 target='_blank' >Koster, 1939</a>"
Clinostomus elongatus,Redside Dace,Méné long,Female,NA,69.1,SL,United States,New York,"<a href=https://doi.org/10.2307/1436880 target='_blank' >Koster, 1939</a>"
Richardsonius balteatus,Redside Shiner,Méné rose,Unsexed,NA,69,NA,United States,Montana,"<a href=http://fishbase.us/references/FBRefSummary.php?id=58470 target='_blank' >Wydoski and Whitney, 1979.</a>"
Percina shumardi,River Darter,NA,Unsexed,NA,50,NA,United States,Wisconsin,"<a href=http://fishbase.us/references/FBRefSummary.php?id=54725 target='_blank' >Becker, 1983</a>"
Lampetra ayresii,River Lamprey,Lamproie de rivière,Unsexed,NA,162,NA,NA,NA,<a href=http://fishbase.us/references/FBRefSummary.php?id=52559 target='_blank' >Coker et al. 2001</a>
Moxostoma carinatum,River Redhorse,Chevalier de rivière,Unsexed,NA,335,TL,NA,NA,<a href=http://fishbase.us/references/FBRefSummary.php?id=52559 target='_blank' >Coker et al. 2001</a>
Notropis blennius,River Shiner,NA,Unsexed,NA,69,SL,NA,Lake of the Woods,<a href=http://fishbase.us/references/FBRefSummary.php?id=52559 target='_blank' >Coker et al. 2001</a>
Ambloplites rupestris,Rock Bass,Crapet de roche,Unsexed,NA,54,SL,NA,NA,<a href=http://science-catalogue.canada.ca/record=b3896533~S6 target='_blank' >Portt et al. 1988</a>
Notropis rubellus,Rosyface Shiner,Tête rose,Unsexed,NA,50,SL,United States,New York,<a href=http://fishbase.us/references/FBRefSummary.php?id=52559 target='_blank' >Coker et al. 2001</a>
Prosopium cylindraceum,Round Whitefish,Ménomini rond,Unsexed,NA,183,NA,NA,NA,<a href=http://fishbase.us/references/FBRefSummary.php?id=58584 target='_blank' >Minns et al. 1993</a>
Gymnocephalus cernua,Ruffe,NA,Unsexed,NA,115,TL,NA,NA,<a href=http://fishbase.us/references/FBRefSummary.php?id=52559 target='_blank' >Coker et al. 2001</a>
Notropis stramineus,Sand Shiner,Méné paille,Unsexed,NA,29,SL,NA,NA,"<a href=http://fishbase.us/references/FBRefSummary.php?id=54724 target='_blank' >Jenkins and Burkhead, 1993</a>"
Sander canadensis,Sauger,Doré noir,Unsexed,NA,283,SL,NA,NA,<a href=http://science-catalogue.canada.ca/record=b3896533~S6 target='_blank' >Portt et al. 1988</a>
Petromyzon marinus,Sea Lamprey,Lamproie marine,Female,NA,470,TL,United States,"Cheboygan & Manistique Rivers, Michigan",<a href=https://doi.org/10.1111/fme.12198 target='_blank' >Di Rocco et al. 2016</a>
Petromyzon marinus,Sea Lamprey,Lamproie marine,Female,NA,470,TL,Canada,"St. Marys River, Sault Ste. Marie, Ontario",<a href=https://doi.org/10.1111/fme.12198 target='_blank' >Di Rocco et al. 2016</a>
Petromyzon marinus,Sea Lamprey,Lamproie marine,Male,NA,469,TL,United States,"Cheboygan & Manistique Rivers, Michigan",<a href=https://doi.org/10.1111/fme.12198 target='_blank' >Di Rocco et al. 2016</a>
Petromyzon marinus,Sea Lamprey,Lamproie marine,Mixed,NA,470,TL,Canada,"St. Marys River, Sault Ste. Marie, Ontario",<a href=https://doi.org/10.1111/fme.12198 target='_blank' >Di Rocco et al. 2016</a>
Petromyzon marinus,Sea Lamprey,Lamproie marine,Mixed,NA,492,TL,United States,"Cheboygan, Ocqueoc & Manistique Rivers, Michigan",<a href=https://doi.org/10.1139/cjfas-2013-0381 target='_blank' >Di Rocco et al. 2014</a>
Petromyzon marinus,Sea Lamprey,Lamproie marine,Mixed,NA,477,TL,Canada,"St. Marys River, Sault Ste. Marie, Ontario",<a href=https://doi.org/10.1139/cjfas-2013-0381 target='_blank' >Di Rocco et al. 2014</a>
Moxostoma macrolepidotum,Shorthead Redhorse,Chevalier rouge,Unsexed,NA,195,NA,NA,NA,<a href=http://fishbase.us/references/FBRefSummary.php?id=58584 target='_blank' >Minns et al. 1993</a>
Cottus confusus,Shorthead Sculpin,Chabot à tête courte,Unsexed,60,65,NA,Canada,"Flathead River, British Columbia",<a href=http://fishbase.us/references/FBRefSummary.php?id=52559 target='_blank' >Coker et al. 2001</a>
Coregonus zenithicus,Shortjaw Cisco,Cisco à mâchoires égales,Unsexed,NA,277,TL,NA,Lake Superior,"<a href=http://www.fishbase.org/References/FBRefSummary.php?id=114745 target='_blank' >Scott and Crossman, 1973</a>"
Acipenser brevirostrum,Shortnose Sturgeon,Esturgeon à museau court,Female,NA,550,FL,Canada,NA,<a href=http://fishbase.us/references/FBRefSummary.php?id=52559 target='_blank' >Coker et al. 2001</a>
Moxostoma anisurum,Silver Redhorse,Chevalier blanc,Unsexed,NA,391,NA,NA,NA,<a href=http://fishbase.us/references/FBRefSummary.php?id=58584 target='_blank' >Minns et al. 1993</a>
Notropis photogenis,Silver Shiner,NA,Unsexed,NA,57,SL,Canada,Ontario,"<a href=https://doi.org/10.1139/z82-182 target='_blank' >McKee and Parker, 1982</a>"
Cottus cognatus,Slimy Sculpin,Chabot visqueux,Unsexed,NA,63,NA,NA,NA,<a href=http://fishbase.us/references/FBRefSummary.php?id=58584 target='_blank' >Minns et al. 1993</a>
Micropterus dolomieu,Smallmouth Bass,Achigan à petite bouche,Unsexed,NA,264,SL,NA,NA,<a href=http://science-catalogue.canada.ca/record=b3896533~S6 target='_blank' >Portt et al. 1988</a>
Oncorhynchus nerka,Sockeye Salmon,Saumon rouge,Unsexed,203,216,NA,Canada,Northern British Columbia,"<a href=http://www.fishbase.org/References/FBRefSummary.php?id=114745 target='_blank' >Scott and Crossman, 1973</a>"
Oncorhynchus nerka,Sockeye Salmon,Saumon rouge,Unsexed,305,343,NA,Canada,Southern British Columbia,"<a href=http://www.fishbase.org/References/FBRefSummary.php?id=114745 target='_blank' >Scott and Crossman, 1973</a>"
Oncorhynchus nerka,Sockeye Salmon,Saumon rouge,Unsexed,160,220,NA,Canada,"Kootenay Lake, British Columbia","<a href=http://www.fishbase.org/References/FBRefSummary.php?id=114745 target='_blank' >Scott and Crossman, 1973</a>"
Rhinichthys osculus,Speckled Dace,Seux moucheté,Unsexed,NA,45,NA,Canada,British Columbia,<a href=http://fishbase.us/references/FBRefSummary.php?id=52559 target='_blank' >Coker et al. 2001</a>
Cottus ricei,Spoonhead Sculpin,Chabot à tête plate,Unsexed,NA,68,NA,NA,Lake Superior,<a href=http://fishbase.us/references/FBRefSummary.php?id=52559 target='_blank' >Coker et al. 2001</a>
Notropis hudsonius,Spottail Shiner,Queue à tache noire,Unsexed,NA,55,SL,NA,NA,<a href=http://science-catalogue.canada.ca/record=b3896533~S6 target='_blank' >Portt et al. 1988</a>
Minytrema melanops,Spotted Sucker,NA,Unsexed,NA,270,TL,United States,Oklahoma,"<a href=http://fishbase.us/references/FBRefSummary.php?id=54725 target='_blank' >Becker, 1983</a>"
Noturus flavus,Stonecat,Barbotte des rapides,Unsexed,NA,89,SL,United States,Ohio,"<a href=http://fishbase.us/references/FBRefSummary.php?id=52559 target='_blank' >Scott and Crossman, 1973</a>"
Morone saxatilis,Striped Bass,Bar d'Amérique,Unsexed,NA,422,FL,NA,St. Lawrence River,"<a href=http://www.fishbase.org/References/FBRefSummary.php?id=114745 target='_blank' >Scott and Crossman, 1973</a>"
Noturus gyrinus,Tadpole Madtom,Chat-fou brun,Unsexed,NA,62,SL,NA,NA,<a href=http://science-catalogue.canada.ca/record=b3896533~S6 target='_blank' >Portt et al. 1988</a>
Tinca tinca,Tench,Tanche,Male,NA,95,NA,NA,NA,<a href=http://fishbase.us/references/FBRefSummary.php?id=12204 target='_blank' >Coad et al. 1995</a>
Tinca tinca,Tench,Tanche,Female,NA,120,NA,NA,NA,<a href=http://fishbase.us/references/FBRefSummary.php?id=12204 target='_blank' >Coad et al. 1995</a>
Etheostoma olmstedi,Tessellated Darter,NA,Unsexed,NA,40,TL,NA,NA,<a href=http://fishbase.us/references/FBRefSummary.php?id=52559 target='_blank' >Coker et al. 2001</a>
Gasterosteus aculeatus,Three-Spined Stickleback,Épinoche à trois épines,Unsexed,NA,37,TL,England and Wales (UK),Birket River,"<a href=http://www.fishbase.org/References/FBRefSummary.php?id=114745 target='_blank' >Scott and Crossman, 1973</a>"
Cottus rhotheus,Torrent Sculpin,Chabot de torrent,Unsexed,NA,53,SL,Canada,British Columbia,"<a href=http://fishbase.us/references/FBRefSummary.php?id=58470 target='_blank' >Wydoski and Whitney, 1979</a>"
Percopsis omiscomaycus,Trout-Perch,Omisco,Unsexed,NA,78,SL,NA,NA,<a href=http://science-catalogue.canada.ca/record=b3896533~S6 target='_blank' >Portt et al. 1988</a>
Sander vitreus,Walleye,Doré jaune,Unsexed,NA,328,SL,NA,NA,<a href=http://science-catalogue.canada.ca/record=b3896533~S6 target='_blank' >Portt et al. 1988</a>
Lepomis gulosus,Warmouth,NA,Unsexed,NA,89,NA,NA,NA,"<a href=http://www.fishbase.org/References/FBRefSummary.php?id=3672 target='_blank' >Carlander, 1969</a>"
Notropis texanus,Weed Shiner,Méné d’herbe,Unsexed,NA,42,TL,United States,Wisconsin,<a href=http://science-catalogue.canada.ca/record=b3896533~S6 target='_blank' >Coker et al. 2001</a>
Lampetra richardsoni,Western Brook Lamprey,Lamproie de l' ouest,Unsexed,NA,165,NA,Canada,British Columbia,"<a href=http://www.fishbase.org/References/FBRefSummary.php?id=114745 target='_blank' >Scott and Crossman, 1973</a>"
Morone chrysops,White Bass,Bar blanc,Unsexed,NA,115,SL,NA,NA,<a href=http://fishbase.us/references/FBRefSummary.php?id=58584 target='_blank' >Minns et al. 1993</a>
Pomoxis annularis,White Crappie,Crapet calicot,Unsexed,152,177,TL,United States,NA,"<a href=http://www.fishbase.org/References/FBRefSummary.php?id=114745 target='_blank' >Scott and Crossman, 1973</a>"
Morone americana,White Perch,Bar blanc d'Amerique,Unsexed,NA,254,NA,NA,NA,<a href=http://fishbase.us/references/FBRefSummary.php?id=58584 target='_blank' >Minns et al. 1993</a>
Acipenser transmontanus,White Sturgeon,Esturgeon blanc,Female,NA,1400,NA,Canada,"Fraser River, British Columbia",<a href=http://fishbase.us/references/FBRefSummary.php?id=52559 target='_blank' >Coker et al. 2001</a>
Catostomus commersonii,White Sucker,Meunier noir,Unsexed,NA,253,SL,NA,NA,<a href=http://science-catalogue.canada.ca/record=b3896533~S6 target='_blank' >Portt et al. 1988</a>
Ameiurus natalis,Yellow Bullhead,Barbotte jaune,Unsexed,NA,212,TL,United States,Northern States,"<a href=http://www.fishbase.org/References/FBRefSummary.php?id=114745 target='_blank' >Scott and Crossman, 1973</a>"
Perca flavescens,Yellow Perch,Perchaude,Unsexed,NA,175,SL,NA,NA,<a href=http://science-catalogue.canada.ca/record=b3896533~S6 target='_blank' >Portt et al. 1988</a>
