"","ScientificName","CommonName","Sex","Minimum length at first maturity","Mean length at first maturity (Lm)","Country","Locality","Reference"
"6","Cyprinus carpio","Common carp","Unsexed",37,NA,"India","(hills)","<a href=http://fishbase.us/references/ReferencesList.php?Author=&Year=&Title=&Source=&RefNo=142>Reference</a>"
"7","Cyprinus carpio","Common carp","Unsexed",15,NA,"India","(plains)","<a href=http://fishbase.us/references/ReferencesList.php?Author=&Year=&Title=&Source=&RefNo=142>Reference</a>"
"9","Cyprinus carpio","Common carp","Unsexed",40,NA,NA,"Europe","<a href=http://fishbase.us/references/ReferencesList.php?Author=&Year=&Title=&Source=&RefNo=142>Reference</a>"
"10","Cyprinus carpio","Common carp","Unsexed",30,NA,"Indonesia","Indonesia","<a href=http://fishbase.us/references/ReferencesList.php?Author=&Year=&Title=&Source=&RefNo=142>Reference</a>"
"12","Cyprinus carpio","Common carp","Unsexed",30,NA,"Japan","Japan","<a href=http://fishbase.us/references/ReferencesList.php?Author=&Year=&Title=&Source=&RefNo=142>Reference</a>"
"20","Cyprinus carpio","Common carp","Female",25,NA,NA,"not stated","<a href=http://fishbase.us/references/ReferencesList.php?Author=&Year=&Title=&Source=&RefNo=6390>Reference</a>"
"21","Cyprinus carpio","Common carp","Male",20,NA,NA,"not stated","<a href=http://fishbase.us/references/ReferencesList.php?Author=&Year=&Title=&Source=&RefNo=6390>Reference</a>"
"23","Cyprinus carpio","Common carp","Mixed",NA,25.1,"France","Camargue","<a href=http://fishbase.us/references/ReferencesList.php?Author=&Year=&Title=&Source=&RefNo=52210>Reference</a>"
"24","Cyprinus carpio","Common carp","Mixed",NA,19.4,"Spain","Guadalquivir River, Southwest region","<a href=http://fishbase.us/references/ReferencesList.php?Author=&Year=&Title=&Source=&RefNo=52211>Reference</a>"
"27","Cyprinus carpio","Common carp","Female",NA,32.8,NA,"Barmah Forest","<a href=http://fishbase.us/references/ReferencesList.php?Author=&Year=&Title=&Source=&RefNo=89158>Reference</a>"
"28","Cyprinus carpio","Common carp","Female",NA,27.3,NA,"Campaspe Channels","<a href=http://fishbase.us/references/ReferencesList.php?Author=&Year=&Title=&Source=&RefNo=89159>Reference</a>"
"29","Cyprinus carpio","Common carp","Female",NA,34.7,"Slovakia","Danube","<a href=http://fishbase.us/references/ReferencesList.php?Author=&Year=&Title=&Source=&RefNo=89157>Reference</a>"
"30","Cyprinus carpio","Common carp","Female",NA,40.3,"South Africa","Hartbeespoort Dam","<a href=http://fishbase.us/references/ReferencesList.php?Author=&Year=&Title=&Source=&RefNo=89160>Reference</a>"
"31","Cyprinus carpio","Common carp","Female",27.6,33.5,"South Africa","Lake Gariep, (30°38'S; 25°46'E), Orange River, 2006-2008","<a href=http://fishbase.us/references/ReferencesList.php?Author=&Year=&Title=&Source=&RefNo=88006>Reference</a>"
"32","Cyprinus carpio","Common carp","Female",NA,42,"Kenya","Lake Naivasha","<a href=http://fishbase.us/references/ReferencesList.php?Author=&Year=&Title=&Source=&RefNo=89162>Reference</a>"
"33","Cyprinus carpio","Common carp","Male",NA,30.7,NA,"Barmah Forest","<a href=http://fishbase.us/references/ReferencesList.php?Author=&Year=&Title=&Source=&RefNo=89158>Reference</a>"
"34","Cyprinus carpio","Common carp","Male",NA,28.7,NA,"Campaspe","<a href=http://fishbase.us/references/ReferencesList.php?Author=&Year=&Title=&Source=&RefNo=89159>Reference</a>"
"35","Cyprinus carpio","Common carp","Male",NA,31.6,"Slovakia","Danube","<a href=http://fishbase.us/references/ReferencesList.php?Author=&Year=&Title=&Source=&RefNo=89157>Reference</a>"
"37","Cyprinus carpio","Common carp","Male",25.8,29.6,"South Africa","Lake Gariep, (30°38'S; 25°46'E), Orange River, 2006-2008","<a href=http://fishbase.us/references/ReferencesList.php?Author=&Year=&Title=&Source=&RefNo=88006>Reference</a>"
"38","Cyprinus carpio","Common carp","Male",NA,34,"Kenya","Lake Naivasha","<a href=http://fishbase.us/references/ReferencesList.php?Author=&Year=&Title=&Source=&RefNo=89162>Reference</a>"
"40","Cyprinus carpio","Common carp","Female",NA,33.76,"Turkey","Bayramiç Reservoir","<a href=http://fishbase.us/references/ReferencesList.php?Author=&Year=&Title=&Source=&RefNo=96089>Reference</a>"
"41","Cyprinus carpio","Common carp","Male",NA,28.33,"Turkey","Bayramiç Reservoir","<a href=http://fishbase.us/references/ReferencesList.php?Author=&Year=&Title=&Source=&RefNo=96089>Reference</a>"
"44","Cyprinus carpio","Common carp","Female",32,NA,"Mongolia","not specified.","<a href=http://fishbase.us/references/ReferencesList.php?Author=&Year=&Title=&Source=&RefNo=41072>Reference</a>"
"45","Cyprinus carpio","Common carp","Male",26,NA,"Mongolia","not specified.","<a href=http://fishbase.us/references/ReferencesList.php?Author=&Year=&Title=&Source=&RefNo=41072>Reference</a>"
"53","Gymnocephalus cernua","Ruffe","Female",NA,10.5,NA,"not stated","<a href=http://fishbase.us/references/ReferencesList.php?Author=&Year=&Title=&Source=&RefNo=88808>Reference</a>"
"54","Gymnocephalus cernua","Ruffe","Male",NA,10,NA,"not stated","<a href=http://fishbase.us/references/ReferencesList.php?Author=&Year=&Title=&Source=&RefNo=88808>Reference</a>"
"55","Neogobius melanostomus","Round goby","Female",4.3,NA,"United States","Upper Detroit River","<a href=http://fishbase.us/references/ReferencesList.php?Author=&Year=&Title=&Source=&RefNo=35480>Reference</a>"
"63","Pylodictis olivaris","Flathead catfish","Female",18,NA,"United States","Big Blue and Neosho Rivers, Kansas","<a href=http://fishbase.us/references/ReferencesList.php?Author=&Year=&Title=&Source=&RefNo=3987>Reference</a>"
"64","Pylodictis olivaris","Flathead catfish","Male",15,17,"United States","Big Blue and Neosho Rivers, Kansas","<a href=http://fishbase.us/references/ReferencesList.php?Author=&Year=&Title=&Source=&RefNo=3987>Reference</a>"
"66","Salmo trutta","Sea trout","Unsexed",NA,24,"United Kingdom","Lake Windermere, England","<a href=http://fishbase.us/references/ReferencesList.php?Author=&Year=&Title=&Source=&RefNo=796>Reference</a>"
"70","Salmo trutta","Sea trout","Mixed",NA,36.9,"France","River Calonne, Normandy, 1985","<a href=http://fishbase.us/references/ReferencesList.php?Author=&Year=&Title=&Source=&RefNo=40189>Reference</a>"
"74","Salmo trutta","Sea trout","Male",12,NA,"England and Wales (UK)","Afon Cwm River, Llanbrynmair, mid-Wales, 1984-1993","<a href=http://fishbase.us/references/ReferencesList.php?Author=&Year=&Title=&Source=&RefNo=44580>Reference</a>"
"77","Salmo trutta","Sea trout","Female",NA,14.7,"Norway","Bellbekken stream (above waterfalls), 1997–1999 (Sep. - Oct.)","<a href=http://fishbase.us/references/ReferencesList.php?Author=&Year=&Title=&Source=&RefNo=75951>Reference</a>"
"78","Salmo trutta","Sea trout","Female",NA,16.9,"Norway","Bjøråa stream (above waterfalls), 1997-1999 (Sep. - Oct.)","<a href=http://fishbase.us/references/ReferencesList.php?Author=&Year=&Title=&Source=&RefNo=75951>Reference</a>"
"79","Salmo trutta","Sea trout","Female",NA,16.8,"Norway","Bjøråa stream (below waterfalls), 1997-1999 (Sep. - Oct)","<a href=http://fishbase.us/references/ReferencesList.php?Author=&Year=&Title=&Source=&RefNo=75951>Reference</a>"
"80","Salmo trutta","Sea trout","Female",NA,17.4,"Norway","Gjesa stream (below waterfalls), 1997-1999 (Sep.- Oct.)","<a href=http://fishbase.us/references/ReferencesList.php?Author=&Year=&Title=&Source=&RefNo=75951>Reference</a>"
"81","Salmo trutta","Sea trout","Female",NA,16.9,"Norway","lvåa stream (above waterfalls), 1997-1999 (Sep.-Oct.)","<a href=http://fishbase.us/references/ReferencesList.php?Author=&Year=&Title=&Source=&RefNo=75951>Reference</a>"
"82","Salmo trutta","Sea trout","Female",NA,16.4,"Norway","Osa stream (above waterfalls), 1997-1999 (Sep.-Oct)","<a href=http://fishbase.us/references/ReferencesList.php?Author=&Year=&Title=&Source=&RefNo=75951>Reference</a>"
"83","Salmo trutta","Sea trout","Female",NA,18.8,"Norway","Osa stream (below waterfalls), 1997-1999 (Sep.-Oct)","<a href=http://fishbase.us/references/ReferencesList.php?Author=&Year=&Title=&Source=&RefNo=75951>Reference</a>"
"84","Salmo trutta","Sea trout","Male",NA,14.2,"Norway","Bellbekken stream (above  waterfalls), 1997–1999 (Sep. - Oct.)","<a href=http://fishbase.us/references/ReferencesList.php?Author=&Year=&Title=&Source=&RefNo=75951>Reference</a>"
"85","Salmo trutta","Sea trout","Male",NA,14.1,"Norway","Bjøråa stream (above waterfalls), 1997-1999 (Sep. - Oct.)","<a href=http://fishbase.us/references/ReferencesList.php?Author=&Year=&Title=&Source=&RefNo=75951>Reference</a>"
"86","Salmo trutta","Sea trout","Male",NA,15.9,"Norway","Bjøråa stream (below waterfalls), 1997-1999 (Sep. - Oct)","<a href=http://fishbase.us/references/ReferencesList.php?Author=&Year=&Title=&Source=&RefNo=75951>Reference</a>"
"87","Salmo trutta","Sea trout","Male",NA,14.8,"Norway","Gjesa stream (below waterfalls), 1997-1999 (Sep.- Oct.)","<a href=http://fishbase.us/references/ReferencesList.php?Author=&Year=&Title=&Source=&RefNo=75951>Reference</a>"
"88","Salmo trutta","Sea trout","Male",NA,16.2,"Norway","Osa stream (above waterfalls), 1997-1999 (Sep.-Oct)","<a href=http://fishbase.us/references/ReferencesList.php?Author=&Year=&Title=&Source=&RefNo=75951>Reference</a>"
"89","Salmo trutta","Sea trout","Male",NA,18.7,"Norway","Osa stream (below waterfalls), 1997-1999 (Sep.-Oct)","<a href=http://fishbase.us/references/ReferencesList.php?Author=&Year=&Title=&Source=&RefNo=75951>Reference</a>"
"90","Salmo trutta","Sea trout","Male",NA,17.2,"Norway","Ulvåa stream (above waterfalls), 1997-1999 (Sep.-Oct.)","<a href=http://fishbase.us/references/ReferencesList.php?Author=&Year=&Title=&Source=&RefNo=75951>Reference</a>"
"95","Salmo trutta","Sea trout","Female",NA,16.18,"Spain","Cabrillas River / 1996-1998","<a href=http://fishbase.us/references/ReferencesList.php?Author=&Year=&Title=&Source=&RefNo=91501>Reference</a>"
"96","Salmo trutta","Sea trout","Female",NA,14.13,"Spain","Cega river / 1996-1998","<a href=http://fishbase.us/references/ReferencesList.php?Author=&Year=&Title=&Source=&RefNo=91501>Reference</a>"
"97","Salmo trutta","Sea trout","Female",NA,15.6,"Spain","Dulce river / 1996-1998","<a href=http://fishbase.us/references/ReferencesList.php?Author=&Year=&Title=&Source=&RefNo=91501>Reference</a>"
"98","Salmo trutta","Sea trout","Female",NA,13.3,"Spain","Eresma River / 1996-1998","<a href=http://fishbase.us/references/ReferencesList.php?Author=&Year=&Title=&Source=&RefNo=91501>Reference</a>"
"99","Salmo trutta","Sea trout","Female",NA,16.45,"Spain","Gallo River / 1996-1998","<a href=http://fishbase.us/references/ReferencesList.php?Author=&Year=&Title=&Source=&RefNo=91501>Reference</a>"
"100","Salmo trutta","Sea trout","Female",NA,14.47,"Spain","Hoz Seca River/ 1996-1998","<a href=http://fishbase.us/references/ReferencesList.php?Author=&Year=&Title=&Source=&RefNo=91501>Reference</a>"
"101","Salmo trutta","Sea trout","Female",NA,16.73,"Spain","Jarama River / 1996-1998","<a href=http://fishbase.us/references/ReferencesList.php?Author=&Year=&Title=&Source=&RefNo=91501>Reference</a>"
"102","Salmo trutta","Sea trout","Male",NA,13.43,"Spain","Cabrillas River / 1996-1998","<a href=http://fishbase.us/references/ReferencesList.php?Author=&Year=&Title=&Source=&RefNo=91501>Reference</a>"
"103","Salmo trutta","Sea trout","Male",NA,12.32,"Spain","Cega River / 1996-1998","<a href=http://fishbase.us/references/ReferencesList.php?Author=&Year=&Title=&Source=&RefNo=91501>Reference</a>"
"104","Salmo trutta","Sea trout","Male",NA,14.14,"Spain","Dulce River / 1996-1998","<a href=http://fishbase.us/references/ReferencesList.php?Author=&Year=&Title=&Source=&RefNo=91501>Reference</a>"
"105","Salmo trutta","Sea trout","Male",NA,12.46,"Spain","Eresma River / 1996-1998","<a href=http://fishbase.us/references/ReferencesList.php?Author=&Year=&Title=&Source=&RefNo=91501>Reference</a>"
"106","Salmo trutta","Sea trout","Male",NA,13.2,"Spain","Gallo River / 1996-1998","<a href=http://fishbase.us/references/ReferencesList.php?Author=&Year=&Title=&Source=&RefNo=91501>Reference</a>"
"107","Salmo trutta","Sea trout","Male",NA,13.88,"Spain","Hoz Seca River / 1996-1998","<a href=http://fishbase.us/references/ReferencesList.php?Author=&Year=&Title=&Source=&RefNo=91501>Reference</a>"
"108","Salmo trutta","Sea trout","Male",NA,13.86,"Spain","Jaram river / 1996-1998","<a href=http://fishbase.us/references/ReferencesList.php?Author=&Year=&Title=&Source=&RefNo=91501>Reference</a>"
"114","Salmo trutta","Sea trout","Female",1.28,NA,"Greece","Aspropotamos stream (March 1981- February 1982)","<a href=http://fishbase.us/references/ReferencesList.php?Author=&Year=&Title=&Source=&RefNo=27724>Reference</a>"
"115","Salmo trutta","Sea trout","Male",1.05,NA,"Greece","Aspropotamos stream (March 1981- February 1982)","<a href=http://fishbase.us/references/ReferencesList.php?Author=&Year=&Title=&Source=&RefNo=27724>Reference</a>"
"116","Salmo trutta","Sea trout","Female",14.7,NA,NA,"not specified.","<a href=http://fishbase.us/references/ReferencesList.php?Author=&Year=&Title=&Source=&RefNo=41168>Reference</a>"
"117","Salmo trutta","Sea trout","Male",12.5,NA,NA,"not specified.","<a href=http://fishbase.us/references/ReferencesList.php?Author=&Year=&Title=&Source=&RefNo=41168>Reference</a>"
"119","Salmo trutta","Sea trout","Female",257,NA,"Poland","Department of Salmonid Research in Rutki of the Inland Fisheries Institute, Olsztyn, 1998-2002","<a href=http://fishbase.us/references/ReferencesList.php?Author=&Year=&Title=&Source=&RefNo=91275>Reference</a>"
"120","Salmo macrostigma",NA,"Female",17.8,NA,"Turkey","Ceyhan River (2000-2001)","<a href=http://fishbase.us/references/ReferencesList.php?Author=&Year=&Title=&Source=&RefNo=50434>Reference</a>"
"121","Salmo macrostigma",NA,"Male",17.4,NA,"Turkey","Ceyhan River (2000-2001)","<a href=http://fishbase.us/references/ReferencesList.php?Author=&Year=&Title=&Source=&RefNo=50434>Reference</a>"
"126","Scardinius erythrophthalmus","Rudd","Female",NA,8.1,"Turkey","Lake Sapanca (2000-2002)","<a href=http://fishbase.us/references/ReferencesList.php?Author=&Year=&Title=&Source=&RefNo=75295>Reference</a>"
"127","Scardinius erythrophthalmus","Rudd","Male",NA,7.12,"Turkey","Lake Sapanca (2000-2002)","<a href=http://fishbase.us/references/ReferencesList.php?Author=&Year=&Title=&Source=&RefNo=75295>Reference</a>"
"128","Scardinius acarnanicus",NA,"Unsexed",14,NA,"Italy","Acheloos drainge","<a href=http://fishbase.us/references/ReferencesList.php?Author=&Year=&Title=&Source=&RefNo=59043>Reference</a>"
"130","Tinca tinca","Tench","Unsexed",7,NA,NA,"not specified","<a href=http://fishbase.us/references/ReferencesList.php?Author=&Year=&Title=&Source=&RefNo=59043>Reference</a>"
"131","Tinca tinca","Tench","Female",19.8,NA,"Turkey","Kayabogazi Dam Lake (1996-1997)","<a href=http://fishbase.us/references/ReferencesList.php?Author=&Year=&Title=&Source=&RefNo=75325>Reference</a>"
"132","Tinca tinca","Tench","Male",16.9,NA,"Turkey","Kayabogazi Dam Lake (1996-1997)","<a href=http://fishbase.us/references/ReferencesList.php?Author=&Year=&Title=&Source=&RefNo=75325>Reference</a>"
"133","Margariscus margarita","Allegheny pearl dace","Unsexed",NA,9.4,"Canada","Ontario","<a href=http://fishbase.us/references/ReferencesList.php?Author=&Year=&Title=&Source=&RefNo=58612>Reference</a>"
"134","Acipenser brevirostrum","Shortnose sturgeon","Female",45,NA,"United States","St. John River, New Brunswick","<a href=http://fishbase.us/references/ReferencesList.php?Author=&Year=&Title=&Source=&RefNo=38308>Reference</a>"
"135","Acipenser brevirostrum","Shortnose sturgeon","Female",70,NA,NA,"St. Johns River, New Brunswick","<a href=http://fishbase.us/references/ReferencesList.php?Author=&Year=&Title=&Source=&RefNo=38308>Reference</a>"
"136","Acipenser brevirostrum","Shortnose sturgeon","Male",49,NA,"United States","St. John River, New Brunswick","<a href=http://fishbase.us/references/ReferencesList.php?Author=&Year=&Title=&Source=&RefNo=4639>Reference</a>"
"139","Acipenser fulvescens","Lake sturgeon","Unsexed",NA,112,"United States","Wisconsin","<a href=http://fishbase.us/references/ReferencesList.php?Author=&Year=&Title=&Source=&RefNo=796>Reference</a>"
"140","Acipenser fulvescens","Lake sturgeon","Female",NA,80,NA,"Nottaway River","<a href=http://fishbase.us/references/ReferencesList.php?Author=&Year=&Title=&Source=&RefNo=9979>Reference</a>"
"141","Acipenser fulvescens","Lake sturgeon","Male",NA,90,NA,"Nottaway River","<a href=http://fishbase.us/references/ReferencesList.php?Author=&Year=&Title=&Source=&RefNo=9979>Reference</a>"
"142","Acipenser fulvescens","Lake sturgeon","Female",NA,114,NA,"Quebec","<a href=http://fishbase.us/references/ReferencesList.php?Author=&Year=&Title=&Source=&RefNo=9980>Reference</a>"
"143","Acipenser fulvescens","Lake sturgeon","Male",NA,96.5,NA,"Quebec","<a href=http://fishbase.us/references/ReferencesList.php?Author=&Year=&Title=&Source=&RefNo=9980>Reference</a>"
"145","Acipenser fulvescens","Lake sturgeon","Female",90,NA,NA,"Not specified.","<a href=http://fishbase.us/references/ReferencesList.php?Author=&Year=&Title=&Source=&RefNo=52332>Reference</a>"
"146","Acipenser fulvescens","Lake sturgeon","Male",85,NA,NA,"Not specified.","<a href=http://fishbase.us/references/ReferencesList.php?Author=&Year=&Title=&Source=&RefNo=52332>Reference</a>"
"147","Acipenser medirostris","Green sturgeon","Mixed",100,NA,NA,"Not specified.","<a href=http://fishbase.us/references/ReferencesList.php?Author=&Year=&Title=&Source=&RefNo=52332>Reference</a>"
"148","Acipenser medirostris","Green sturgeon","Unsexed",NA,100,"Russian Federation","Sea of Japan","<a href=http://fishbase.us/references/ReferencesList.php?Author=&Year=&Title=&Source=&RefNo=56557>Reference</a>"
"149","Acipenser oxyrinchus","Atlantic sturgeon","Female",182.9,NA,"United States","Hudson River, New York","<a href=http://fishbase.us/references/ReferencesList.php?Author=&Year=&Title=&Source=&RefNo=4639>Reference</a>"
"150","Acipenser oxyrinchus","Atlantic sturgeon","Female",NA,190,"United States","St. Lawrence River","<a href=http://fishbase.us/references/ReferencesList.php?Author=&Year=&Title=&Source=&RefNo=1998>Reference</a>"
"152","Acipenser oxyrinchus","Atlantic sturgeon","Male",121.9,NA,"United States","Hudson River, New York","<a href=http://fishbase.us/references/ReferencesList.php?Author=&Year=&Title=&Source=&RefNo=4639>Reference</a>"
"153","Acipenser oxyrinchus","Atlantic sturgeon","Male",NA,165,"United States","St. Lawrence River","<a href=http://fishbase.us/references/ReferencesList.php?Author=&Year=&Title=&Source=&RefNo=1998>Reference</a>"
"158","Acipenser transmontanus","White sturgeon","Unsexed",NA,112,"United States","California","<a href=http://fishbase.us/references/ReferencesList.php?Author=&Year=&Title=&Source=&RefNo=796>Reference</a>"
"161","Acipenser transmontanus","White sturgeon","Female",NA,160,NA,"lower Columbia River","<a href=http://fishbase.us/references/ReferencesList.php?Author=&Year=&Title=&Source=&RefNo=34045>Reference</a>"
"167","Alosa mediocris","Hickory shad","Female",NA,32,"United States","not specified","<a href=http://fishbase.us/references/ReferencesList.php?Author=&Year=&Title=&Source=&RefNo=38619>Reference</a>"
"168","Alosa mediocris","Hickory shad","Male",NA,28.7,"United States","not specified","<a href=http://fishbase.us/references/ReferencesList.php?Author=&Year=&Title=&Source=&RefNo=38619>Reference</a>"
"170","Alosa pseudoharengus","Alewife","Female",11,NA,"Canada","Lake Ontario","<a href=http://fishbase.us/references/ReferencesList.php?Author=&Year=&Title=&Source=&RefNo=38946>Reference</a>"
"172","Alosa pseudoharengus","Alewife","Male",9.55,NA,"Canada","Lake Ontario","<a href=http://fishbase.us/references/ReferencesList.php?Author=&Year=&Title=&Source=&RefNo=38946>Reference</a>"
"174","Alosa pseudoharengus","Alewife","Mixed",NA,15.8,"United States","Lake Michigan","<a href=http://fishbase.us/references/ReferencesList.php?Author=&Year=&Title=&Source=&RefNo=38634>Reference</a>"
"175","Alosa pseudoharengus","Alewife","Mixed",NA,13.1,"United States","Lake Ontario, 1978-92","<a href=http://fishbase.us/references/ReferencesList.php?Author=&Year=&Title=&Source=&RefNo=52208>Reference</a>"
"177","Alosa sapidissima","American shad","Female",38.3,NA,"United States","St John's River, Florida","<a href=http://fishbase.us/references/ReferencesList.php?Author=&Year=&Title=&Source=&RefNo=38973>Reference</a>"
"178","Alosa sapidissima","American shad","Male",30.5,NA,"United States","St. John's River, Florida","<a href=http://fishbase.us/references/ReferencesList.php?Author=&Year=&Title=&Source=&RefNo=38973>Reference</a>"
"185","Amia calva","Bowfin","Female",61,NA,NA,"North America","<a href=http://fishbase.us/references/ReferencesList.php?Author=&Year=&Title=&Source=&RefNo=1998>Reference</a>"
"186","Amia calva","Bowfin","Male",45.7,NA,NA,"North America","<a href=http://fishbase.us/references/ReferencesList.php?Author=&Year=&Title=&Source=&RefNo=1998>Reference</a>"
"189","Amia calva","Bowfin","Female",38,NA,"United States","Chesapeake Bay","<a href=http://fishbase.us/references/ReferencesList.php?Author=&Year=&Title=&Source=&RefNo=93252>Reference</a>"
"190","Anguilla rostrata","American eel","Unsexed",35.3,NA,"United States","Altamaha River, Georgia, 1980-81","<a href=http://fishbase.us/references/ReferencesList.php?Author=&Year=&Title=&Source=&RefNo=7130>Reference</a>"
"191","Anguilla rostrata","American eel","Female",37,NA,"United States","Chesapeake Bay.","<a href=http://fishbase.us/references/ReferencesList.php?Author=&Year=&Title=&Source=&RefNo=93252>Reference</a>"
"192","Anguilla rostrata","American eel","Male",22,NA,"United States","Chesapeake Bay.","<a href=http://fishbase.us/references/ReferencesList.php?Author=&Year=&Title=&Source=&RefNo=93252>Reference</a>"
"194","Catostomus catostomus","Longnose sucker","Unsexed",13,NA,NA,"Frye Creek, Sixteen Mile Lake","<a href=http://fishbase.us/references/ReferencesList.php?Author=&Year=&Title=&Source=&RefNo=10928>Reference</a>"
"200","Catostomus commersonii","White sucker","Unsexed",23,NA,NA,"Frye Creek, Sixteenmile Lake","<a href=http://fishbase.us/references/ReferencesList.php?Author=&Year=&Title=&Source=&RefNo=10928>Reference</a>"
"202","Catostomus platyrhynchus","Mountain sucker","Female",14.3,NA,"United States","Lost Creek Reservoir, Utah, 1977","<a href=http://fishbase.us/references/ReferencesList.php?Author=&Year=&Title=&Source=&RefNo=48536>Reference</a>"
"203","Catostomus platyrhynchus","Mountain sucker","Female",12.7,NA,"United States","Montana streams","<a href=http://fishbase.us/references/ReferencesList.php?Author=&Year=&Title=&Source=&RefNo=48879>Reference</a>"
"204","Catostomus platyrhynchus","Mountain sucker","Female",10.6,NA,"United States","Shoal Creek, Utah and Bitter Creek, Wyoming","<a href=http://fishbase.us/references/ReferencesList.php?Author=&Year=&Title=&Source=&RefNo=10452>Reference</a>"
"205","Catostomus platyrhynchus","Mountain sucker","Male",11.5,NA,"United States","Lost Creek Reservoir, Utah, 1977","<a href=http://fishbase.us/references/ReferencesList.php?Author=&Year=&Title=&Source=&RefNo=48536>Reference</a>"
"206","Catostomus platyrhynchus","Mountain sucker","Male",10.7,NA,"United States","Montana streams","<a href=http://fishbase.us/references/ReferencesList.php?Author=&Year=&Title=&Source=&RefNo=48879>Reference</a>"
"207","Catostomus platyrhynchus","Mountain sucker","Male",7.6,NA,"United States","Shoal Creek, Utah and Bitter Creek, Wyoming","<a href=http://fishbase.us/references/ReferencesList.php?Author=&Year=&Title=&Source=&RefNo=10452>Reference</a>"
"208","Clupea harengus","Atlantic herring","Unsexed",NA,25,"Canada","New Brunswick","<a href=http://fishbase.us/references/ReferencesList.php?Author=&Year=&Title=&Source=&RefNo=796>Reference</a>"
"209","Clupea harengus","Atlantic herring","Unsexed",NA,30,NA,"Southern Gulf of St. Lawrence","<a href=http://fishbase.us/references/ReferencesList.php?Author=&Year=&Title=&Source=&RefNo=2809>Reference</a>"
"210","Clupea harengus","Atlantic herring","Unsexed",NA,32.5,NA,"Southern Gulf of St. Lawrence.","<a href=http://fishbase.us/references/ReferencesList.php?Author=&Year=&Title=&Source=&RefNo=2809>Reference</a>"
"212","Clupea harengus","Atlantic herring","Female",NA,25.4,"United States","northeastern coast, 1987-89","<a href=http://fishbase.us/references/ReferencesList.php?Author=&Year=&Title=&Source=&RefNo=12186>Reference</a>"
"213","Clupea harengus","Atlantic herring","Male",NA,25.3,"United States","northeastern coast, 1987-89","<a href=http://fishbase.us/references/ReferencesList.php?Author=&Year=&Title=&Source=&RefNo=12186>Reference</a>"
"215","Clupea harengus","Atlantic herring","Unsexed",NA,26.8,"Canada","Georges Bank, 1986","<a href=http://fishbase.us/references/ReferencesList.php?Author=&Year=&Title=&Source=&RefNo=92075>Reference</a>"
"216","Clupea harengus","Atlantic herring","Unsexed",NA,26.5,"Canada","Georges Bank, 1987","<a href=http://fishbase.us/references/ReferencesList.php?Author=&Year=&Title=&Source=&RefNo=92075>Reference</a>"
"217","Clupea harengus","Atlantic herring","Unsexed",NA,26.8,"Canada","Georges Bank, 1988","<a href=http://fishbase.us/references/ReferencesList.php?Author=&Year=&Title=&Source=&RefNo=92075>Reference</a>"
"218","Clupea harengus","Atlantic herring","Unsexed",NA,26.4,"Canada","Georges Bank, 1989","<a href=http://fishbase.us/references/ReferencesList.php?Author=&Year=&Title=&Source=&RefNo=92075>Reference</a>"
"219","Clupea harengus","Atlantic herring","Unsexed",NA,26,"Canada","Georges Bank, 1990","<a href=http://fishbase.us/references/ReferencesList.php?Author=&Year=&Title=&Source=&RefNo=92075>Reference</a>"
"220","Clupea harengus","Atlantic herring","Unsexed",NA,25.3,"Canada","Georges Bank, 1991","<a href=http://fishbase.us/references/ReferencesList.php?Author=&Year=&Title=&Source=&RefNo=92075>Reference</a>"
"221","Clupea harengus","Atlantic herring","Unsexed",NA,25.4,"Canada","Georges Bank, 1992","<a href=http://fishbase.us/references/ReferencesList.php?Author=&Year=&Title=&Source=&RefNo=92075>Reference</a>"
"222","Clupea harengus","Atlantic herring","Unsexed",NA,25,"Canada","Georges Bank, 1994","<a href=http://fishbase.us/references/ReferencesList.php?Author=&Year=&Title=&Source=&RefNo=92075>Reference</a>"
"223","Clupea harengus","Atlantic herring","Unsexed",NA,25.1,"Canada","Georges Bank, 1995","<a href=http://fishbase.us/references/ReferencesList.php?Author=&Year=&Title=&Source=&RefNo=92075>Reference</a>"
"224","Clupea harengus","Atlantic herring","Unsexed",NA,24.9,"Canada","Gulf of Maine, 1993","<a href=http://fishbase.us/references/ReferencesList.php?Author=&Year=&Title=&Source=&RefNo=92075>Reference</a>"
"226","Clupea harengus","Atlantic herring","Female",NA,15,"Finland","Åland, Baltic Sea","<a href=http://fishbase.us/references/ReferencesList.php?Author=&Year=&Title=&Source=&RefNo=6818>Reference</a>"
"227","Clupea harengus","Atlantic herring","Female",NA,15,"Finland","Archipelago Sea, Kustavi","<a href=http://fishbase.us/references/ReferencesList.php?Author=&Year=&Title=&Source=&RefNo=6818>Reference</a>"
"228","Clupea harengus","Atlantic herring","Female",NA,15,"Finland","Gulf of Finland, Helsinki","<a href=http://fishbase.us/references/ReferencesList.php?Author=&Year=&Title=&Source=&RefNo=6818>Reference</a>"
"229","Clupea harengus","Atlantic herring","Female",NA,12.5,"Finland","Gulf of Finland, Loviisa","<a href=http://fishbase.us/references/ReferencesList.php?Author=&Year=&Title=&Source=&RefNo=6818>Reference</a>"
"230","Clupea harengus","Atlantic herring","Female",NA,14,"Finland","Gulf of Finland, Tammisaari","<a href=http://fishbase.us/references/ReferencesList.php?Author=&Year=&Title=&Source=&RefNo=6818>Reference</a>"
"231","Clupea harengus","Atlantic herring","Male",NA,15,"Finland","Åland, Baltic Sea","<a href=http://fishbase.us/references/ReferencesList.php?Author=&Year=&Title=&Source=&RefNo=6818>Reference</a>"
"232","Clupea harengus","Atlantic herring","Male",NA,14.5,"Finland","Archipelago Sea, Kustavi","<a href=http://fishbase.us/references/ReferencesList.php?Author=&Year=&Title=&Source=&RefNo=6818>Reference</a>"
"233","Clupea harengus","Atlantic herring","Male",NA,13.5,"Finland","Gulf of Finland, Helsinki","<a href=http://fishbase.us/references/ReferencesList.php?Author=&Year=&Title=&Source=&RefNo=6818>Reference</a>"
"234","Clupea harengus","Atlantic herring","Male",NA,12.5,"Finland","Gulf of Finland, Loviisa","<a href=http://fishbase.us/references/ReferencesList.php?Author=&Year=&Title=&Source=&RefNo=6818>Reference</a>"
"235","Clupea harengus","Atlantic herring","Male",NA,13,"Finland","Gulf of Finland, Tammisaari","<a href=http://fishbase.us/references/ReferencesList.php?Author=&Year=&Title=&Source=&RefNo=6818>Reference</a>"
"236","Clupea harengus","Atlantic herring","Unsexed",NA,16,NA,"Baltic Sea","<a href=http://fishbase.us/references/ReferencesList.php?Author=&Year=&Title=&Source=&RefNo=40549>Reference</a>"
"237","Clupea harengus","Atlantic herring","Unsexed",NA,20,"Germany (Federal Republic of)","Western Baltic","<a href=http://fishbase.us/references/ReferencesList.php?Author=&Year=&Title=&Source=&RefNo=47114>Reference</a>"
"238","Clupea harengus","Atlantic herring","Unsexed",NA,24,"Germany (Federal Republic of)","Kieler Förde","<a href=http://fishbase.us/references/ReferencesList.php?Author=&Year=&Title=&Source=&RefNo=47157>Reference</a>"
"239","Clupea harengus","Atlantic herring","Unsexed",16,NA,"Poland","Gulf of Gdansk (autumn herring)","<a href=http://fishbase.us/references/ReferencesList.php?Author=&Year=&Title=&Source=&RefNo=74523>Reference</a>"
"240","Clupea harengus","Atlantic herring","Unsexed",20,NA,NA,"Western Baltic (autumn herring)","<a href=http://fishbase.us/references/ReferencesList.php?Author=&Year=&Title=&Source=&RefNo=74533>Reference</a>"
"242","Clupea harengus","Atlantic herring","Female",NA,15,"Finland","Bothnian Sea, Pori","<a href=http://fishbase.us/references/ReferencesList.php?Author=&Year=&Title=&Source=&RefNo=6818>Reference</a>"
"243","Clupea harengus","Atlantic herring","Female",NA,14.5,"Finland","Bothnian Sea, Vaasa","<a href=http://fishbase.us/references/ReferencesList.php?Author=&Year=&Title=&Source=&RefNo=6818>Reference</a>"
"244","Clupea harengus","Atlantic herring","Male",NA,14.5,"Finland","Bothnian Sea, Pori","<a href=http://fishbase.us/references/ReferencesList.php?Author=&Year=&Title=&Source=&RefNo=6818>Reference</a>"
"245","Clupea harengus","Atlantic herring","Male",NA,14.5,"Finland","Bothnian Sea, Vaasa","<a href=http://fishbase.us/references/ReferencesList.php?Author=&Year=&Title=&Source=&RefNo=6818>Reference</a>"
"246","Clupea harengus","Atlantic herring","Female",NA,15,"Finland","Bothnian Bay, Kalajoki","<a href=http://fishbase.us/references/ReferencesList.php?Author=&Year=&Title=&Source=&RefNo=6818>Reference</a>"
"247","Clupea harengus","Atlantic herring","Male",NA,14,"Finland","Bothnian Bay, Kalajoki","<a href=http://fishbase.us/references/ReferencesList.php?Author=&Year=&Title=&Source=&RefNo=6818>Reference</a>"
"249","Clupea harengus","Atlantic herring","Unsexed",13.2,NA,"Poland","Gulf of Gdansk (spring herring)","<a href=http://fishbase.us/references/ReferencesList.php?Author=&Year=&Title=&Source=&RefNo=74523>Reference</a>"
"250","Clupea harengus","Atlantic herring","Unsexed",20,NA,NA,"Western Baltic (spring herring)","<a href=http://fishbase.us/references/ReferencesList.php?Author=&Year=&Title=&Source=&RefNo=74533>Reference</a>"
"252","Clupea harengus","Atlantic herring","Unsexed",22,NA,"England and Wales (UK)","East Anglia (off Flamborough)","<a href=http://fishbase.us/references/ReferencesList.php?Author=&Year=&Title=&Source=&RefNo=791>Reference</a>"
"253","Clupea harengus","Atlantic herring","Unsexed",NA,24,NA,"North Sea","<a href=http://fishbase.us/references/ReferencesList.php?Author=&Year=&Title=&Source=&RefNo=796>Reference</a>"
"254","Clupea harengus","Atlantic herring","Unsexed",24,NA,"United Kingdom","Buchan area, northern North Sea","<a href=http://fishbase.us/references/ReferencesList.php?Author=&Year=&Title=&Source=&RefNo=6245>Reference</a>"
"255","Clupea harengus","Atlantic herring","Unsexed",23,NA,"United Kingdom","southern North Sea","<a href=http://fishbase.us/references/ReferencesList.php?Author=&Year=&Title=&Source=&RefNo=791>Reference</a>"
"256","Clupea harengus","Atlantic herring","Unsexed",NA,25.7,"United Kingdom","Banks stock","<a href=http://fishbase.us/references/ReferencesList.php?Author=&Year=&Title=&Source=&RefNo=2809>Reference</a>"
"257","Clupea harengus","Atlantic herring","Unsexed",NA,27.5,"Scotland (UK)","Buchan stock","<a href=http://fishbase.us/references/ReferencesList.php?Author=&Year=&Title=&Source=&RefNo=2809>Reference</a>"
"258","Clupea harengus","Atlantic herring","Unsexed",NA,24.5,"England and Wales (UK)","Downs stock","<a href=http://fishbase.us/references/ReferencesList.php?Author=&Year=&Title=&Source=&RefNo=2809>Reference</a>"
"259","Clupea harengus","Atlantic herring","Female",NA,26,"France","East and West Channel","<a href=http://fishbase.us/references/ReferencesList.php?Author=&Year=&Title=&Source=&RefNo=6014>Reference</a>"
"260","Clupea harengus","Atlantic herring","Male",NA,26,"France","East and West Channel","<a href=http://fishbase.us/references/ReferencesList.php?Author=&Year=&Title=&Source=&RefNo=6014>Reference</a>"
"261","Clupea harengus","Atlantic herring","Unsexed",NA,22,NA,"North Sea","<a href=http://fishbase.us/references/ReferencesList.php?Author=&Year=&Title=&Source=&RefNo=791>Reference</a>"
"262","Clupea harengus","Atlantic herring","Unsexed",NA,24,NA,"southern North Sea","<a href=http://fishbase.us/references/ReferencesList.php?Author=&Year=&Title=&Source=&RefNo=40551>Reference</a>"
"265","Clupea harengus","Atlantic herring","Unsexed",NA,24,"United Kingdom","South Irish Sea (Dunmore stock)","<a href=http://fishbase.us/references/ReferencesList.php?Author=&Year=&Title=&Source=&RefNo=6237>Reference</a>"
"266","Clupea harengus","Atlantic herring","Unsexed",NA,23.8,"United Kingdom","Dunmore stock","<a href=http://fishbase.us/references/ReferencesList.php?Author=&Year=&Title=&Source=&RefNo=2809>Reference</a>"
"269","Clupea harengus","Atlantic herring","Unsexed",24,NA,"United Kingdom","North Irish Sea (Manx stock)","<a href=http://fishbase.us/references/ReferencesList.php?Author=&Year=&Title=&Source=&RefNo=6246>Reference</a>"
"270","Clupea harengus","Atlantic herring","Unsexed",NA,27,"England and Wales (UK)","Clyde stock","<a href=http://fishbase.us/references/ReferencesList.php?Author=&Year=&Title=&Source=&RefNo=2809>Reference</a>"
"271","Clupea harengus","Atlantic herring","Unsexed",NA,23.7,"United Kingdom","Manx stock","<a href=http://fishbase.us/references/ReferencesList.php?Author=&Year=&Title=&Source=&RefNo=2809>Reference</a>"
"272","Clupea harengus","Atlantic herring","Unsexed",NA,28,"Norway","Norwegian Sea","<a href=http://fishbase.us/references/ReferencesList.php?Author=&Year=&Title=&Source=&RefNo=796>Reference</a>"
"273","Clupea harengus","Atlantic herring","Unsexed",28,NA,"Norway","Atlanto-Scandian","<a href=http://fishbase.us/references/ReferencesList.php?Author=&Year=&Title=&Source=&RefNo=6222>Reference</a>"
"274","Clupea harengus","Atlantic herring","Unsexed",NA,31.2,"Norway","Norwegian stock (spring spawner)","<a href=http://fishbase.us/references/ReferencesList.php?Author=&Year=&Title=&Source=&RefNo=2809>Reference</a>"
"275","Clupea harengus","Atlantic herring","Unsexed",NA,28.9,"Norway","Norwegian spring-spawning herring stock, 1930-1996 (before collapse)","<a href=http://fishbase.us/references/ReferencesList.php?Author=&Year=&Title=&Source=&RefNo=89492>Reference</a>"
"276","Clupea harengus","Atlantic herring","Unsexed",NA,30.1,"Norway","Norwegian spring-spawning herring stock, 1967-1982 (during collapse)","<a href=http://fishbase.us/references/ReferencesList.php?Author=&Year=&Title=&Source=&RefNo=89492>Reference</a>"
"277","Clupea harengus","Atlantic herring","Unsexed",NA,29.3,"Norway","Norwegian spring-spawning herring stock, 1983-1992 (after collapse)","<a href=http://fishbase.us/references/ReferencesList.php?Author=&Year=&Title=&Source=&RefNo=89492>Reference</a>"
"279","Clupea harengus","Atlantic herring","Unsexed",24,NA,"Iceland","not given","<a href=http://fishbase.us/references/ReferencesList.php?Author=&Year=&Title=&Source=&RefNo=87980>Reference</a>"
"280","Clupea harengus","Atlantic herring","Unsexed",NA,27.5,"Iceland","off Iceland, summer spawner","<a href=http://fishbase.us/references/ReferencesList.php?Author=&Year=&Title=&Source=&RefNo=93906>Reference</a>"
"285","Clupea pallasii pallasii","Pacific herring","Unsexed",21,NA,"Canada","British Columbia","<a href=http://fishbase.us/references/ReferencesList.php?Author=&Year=&Title=&Source=&RefNo=4982>Reference</a>"
"286","Clupea pallasii pallasii","Pacific herring","Unsexed",28,NA,"Japan","Japan Sea (Hokkaido-Sakhalin)","<a href=http://fishbase.us/references/ReferencesList.php?Author=&Year=&Title=&Source=&RefNo=839>Reference</a>"
"287","Clupea pallasii pallasii","Pacific herring","Unsexed",24,NA,NA,"Okhotsk Sea","<a href=http://fishbase.us/references/ReferencesList.php?Author=&Year=&Title=&Source=&RefNo=6236>Reference</a>"
"288","Clupea pallasii pallasii","Pacific herring","Unsexed",12,NA,NA,"White Sea (small Onega)","<a href=http://fishbase.us/references/ReferencesList.php?Author=&Year=&Title=&Source=&RefNo=6248>Reference</a>"
"289","Clupea pallasii pallasii","Pacific herring","Female",NA,20.9,NA,"Northwest Pacific","<a href=http://fishbase.us/references/ReferencesList.php?Author=&Year=&Title=&Source=&RefNo=4466>Reference</a>"
"290","Clupea pallasii pallasii","Pacific herring","Unsexed",NA,20.9,"United States","Washington","<a href=http://fishbase.us/references/ReferencesList.php?Author=&Year=&Title=&Source=&RefNo=4511>Reference</a>"
"291","Clupea pallasii pallasii","Pacific herring","Female",NA,29,"Russian Federation","North-East Kamchatka","<a href=http://fishbase.us/references/ReferencesList.php?Author=&Year=&Title=&Source=&RefNo=56336>Reference</a>"
"292","Clupea pallasii pallasii","Pacific herring","Male",NA,28,"Russian Federation","North-East Kamchatka","<a href=http://fishbase.us/references/ReferencesList.php?Author=&Year=&Title=&Source=&RefNo=56336>Reference</a>"
"293","Clupea pallasii pallasii","Pacific herring","Female",NA,20,"Russian Federation","Kalygir' (Kamchatka)","<a href=http://fishbase.us/references/ReferencesList.php?Author=&Year=&Title=&Source=&RefNo=56337>Reference</a>"
"294","Clupea pallasii pallasii","Pacific herring","Female",NA,22,"Russian Federation","Lake Nerpichiye (Kamchatka)","<a href=http://fishbase.us/references/ReferencesList.php?Author=&Year=&Title=&Source=&RefNo=56337>Reference</a>"
"295","Clupea pallasii pallasii","Pacific herring","Female",NA,15,"Russian Federation","Lake Vilyui (Kamchatka)","<a href=http://fishbase.us/references/ReferencesList.php?Author=&Year=&Title=&Source=&RefNo=56337>Reference</a>"
"296","Clupea pallasii pallasii","Pacific herring","Male",NA,19,"Russian Federation","Lake Nerpichiye (Kamchatka)","<a href=http://fishbase.us/references/ReferencesList.php?Author=&Year=&Title=&Source=&RefNo=56337>Reference</a>"
"297","Clupea pallasii pallasii","Pacific herring","Male",NA,15,"Russian Federation","Lake Vilyui (Kamchatka)","<a href=http://fishbase.us/references/ReferencesList.php?Author=&Year=&Title=&Source=&RefNo=56337>Reference</a>"
"298","Clupea pallasii pallasii","Pacific herring","Unsexed",NA,20,"Russian Federation","Kalygir' (Kamchatka)","<a href=http://fishbase.us/references/ReferencesList.php?Author=&Year=&Title=&Source=&RefNo=56337>Reference</a>"
"299","Clupea pallasii pallasii","Pacific herring","Unsexed",NA,22,NA,"Central British Columbia","<a href=http://fishbase.us/references/ReferencesList.php?Author=&Year=&Title=&Source=&RefNo=74453>Reference</a>"
"300","Clupea pallasii pallasii","Pacific herring","Unsexed",NA,17.9,"Canada","S. Strait of Georgia ","<a href=http://fishbase.us/references/ReferencesList.php?Author=&Year=&Title=&Source=&RefNo=74437>Reference</a>"
"301","Clupea pallasii pallasii","Pacific herring","Unsexed",NA,25,"Alaska (USA)","SE Alaska","<a href=http://fishbase.us/references/ReferencesList.php?Author=&Year=&Title=&Source=&RefNo=74453>Reference</a>"
"302","Coregonus artedi","Cisco","Unsexed",NA,15,"United States","Muskellunge Lake, Wisconsin","<a href=http://fishbase.us/references/ReferencesList.php?Author=&Year=&Title=&Source=&RefNo=796>Reference</a>"
"303","Coregonus artedi","Cisco","Unsexed",NA,14,"United States","Silver Lake, Wisconsin","<a href=http://fishbase.us/references/ReferencesList.php?Author=&Year=&Title=&Source=&RefNo=796>Reference</a>"
"304","Coregonus artedi","Cisco","Unsexed",NA,12.5,"United States","Trout Lake, Wisconsin","<a href=http://fishbase.us/references/ReferencesList.php?Author=&Year=&Title=&Source=&RefNo=796>Reference</a>"
"305","Coregonus artedi","Cisco","Mixed",NA,27,"Canada","eastern James-Hudson Bay","<a href=http://fishbase.us/references/ReferencesList.php?Author=&Year=&Title=&Source=&RefNo=52223>Reference</a>"
"307","Coregonus autumnalis","Arctic cisco","Mixed",28,NA,"Russian Federation","Enisey river","<a href=http://fishbase.us/references/ReferencesList.php?Author=&Year=&Title=&Source=&RefNo=56502>Reference</a>"
"308","Coregonus pollan",NA,"Unsexed",25,27,"Ireland","Large lakes in Ireland.","<a href=http://fishbase.us/references/ReferencesList.php?Author=&Year=&Title=&Source=&RefNo=6258>Reference</a>"
"310","Coregonus clupeaformis","Lake whitefish","Unsexed",NA,27,"Canada","Lake Nipigon","<a href=http://fishbase.us/references/ReferencesList.php?Author=&Year=&Title=&Source=&RefNo=796>Reference</a>"
"311","Coregonus clupeaformis","Lake whitefish","Unsexed",NA,27,"Canada","Shakespeare Is. Lake","<a href=http://fishbase.us/references/ReferencesList.php?Author=&Year=&Title=&Source=&RefNo=796>Reference</a>"
"312","Coregonus clupeaformis","Lake whitefish","Unsexed",NA,23,"United States","Trout Lake, Wisconsin","<a href=http://fishbase.us/references/ReferencesList.php?Author=&Year=&Title=&Source=&RefNo=796>Reference</a>"
"313","Coregonus hoyi","Bloater","Mixed",NA,18.3,"United States","Apostle Islands Region, Lake Superior","<a href=http://fishbase.us/references/ReferencesList.php?Author=&Year=&Title=&Source=&RefNo=52232>Reference</a>"
"314","Coregonus kiyi","Kiyi","Unsexed",NA,18,"United States","USA","<a href=http://fishbase.us/references/ReferencesList.php?Author=&Year=&Title=&Source=&RefNo=796>Reference</a>"
"316","Coregonus nasus","Broad whitefish","Mixed",42,NA,"Russian Federation","Enisey river","<a href=http://fishbase.us/references/ReferencesList.php?Author=&Year=&Title=&Source=&RefNo=56502>Reference</a>"
"320","Coregonus pidschian","Humpback whitefish","Unsexed",32,NA,"Russian Federation","Keret river, Kandalaksha Bay, White Sea","<a href=http://fishbase.us/references/ReferencesList.php?Author=&Year=&Title=&Source=&RefNo=6505>Reference</a>"
"325","Coregonus pidschian","Humpback whitefish","Female",17,NA,"Mongolia","not specified.","<a href=http://fishbase.us/references/ReferencesList.php?Author=&Year=&Title=&Source=&RefNo=41072>Reference</a>"
"326","Coregonus pidschian","Humpback whitefish","Male",17,NA,"Mongolia","not specified.","<a href=http://fishbase.us/references/ReferencesList.php?Author=&Year=&Title=&Source=&RefNo=41072>Reference</a>"
"327","Coregonus pidschian","Humpback whitefish","Unsexed",38,NA,"Mongolia","not specified.","<a href=http://fishbase.us/references/ReferencesList.php?Author=&Year=&Title=&Source=&RefNo=41072>Reference</a>"
"328","Coregonus pidschian","Humpback whitefish","Mixed",30,NA,"Russian Federation","Enisey river","<a href=http://fishbase.us/references/ReferencesList.php?Author=&Year=&Title=&Source=&RefNo=56502>Reference</a>"
"337","Cottus cognatus","Slimy sculpin","Unsexed",NA,7.4,"Alaska (USA)","Chandalar River","<a href=http://fishbase.us/references/ReferencesList.php?Author=&Year=&Title=&Source=&RefNo=28921>Reference</a>"
"340","Couesius plumbeus","Lake chub","Female",NA,8.6,NA,"Mile 66 Brook, Ten Mile Lake, Western Labrador, 1975","<a href=http://fishbase.us/references/ReferencesList.php?Author=&Year=&Title=&Source=&RefNo=49192>Reference</a>"
"341","Couesius plumbeus","Lake chub","Male",7.5,NA,NA,"Mile 66 Brook, Ten Mile Lake, Western Labrador, 1975","<a href=http://fishbase.us/references/ReferencesList.php?Author=&Year=&Title=&Source=&RefNo=49192>Reference</a>"
"346","Dorosoma cepedianum","American gizzard shad","Female",NA,36.1,"United States","Lake Erie","<a href=http://fishbase.us/references/ReferencesList.php?Author=&Year=&Title=&Source=&RefNo=3672>Reference</a>"
"347","Dorosoma cepedianum","American gizzard shad","Male",NA,26.5,"United States","Lake Erie","<a href=http://fishbase.us/references/ReferencesList.php?Author=&Year=&Title=&Source=&RefNo=3672>Reference</a>"
"348","Dorosoma cepedianum","American gizzard shad","Unsexed",17.8,NA,"United States","not specified","<a href=http://fishbase.us/references/ReferencesList.php?Author=&Year=&Title=&Source=&RefNo=39046>Reference</a>"
"357","Eleginus gracilis","Saffron cod","Female",NA,30,"Russian Federation","Western Kamchatka","<a href=http://fishbase.us/references/ReferencesList.php?Author=&Year=&Title=&Source=&RefNo=56347>Reference</a>"
"360","Eleginus gracilis","Saffron cod","Male",NA,30,"Russian Federation","Western Kamchatka","<a href=http://fishbase.us/references/ReferencesList.php?Author=&Year=&Title=&Source=&RefNo=56347>Reference</a>"
"363","Esox lucius","Northern pike","Female",28,42,"Scotland (UK)","Loch Davan","<a href=http://fishbase.us/references/ReferencesList.php?Author=&Year=&Title=&Source=&RefNo=4843>Reference</a>"
"364","Esox lucius","Northern pike","Female",28,35,"Scotland (UK)","Loch Kinord","<a href=http://fishbase.us/references/ReferencesList.php?Author=&Year=&Title=&Source=&RefNo=4843>Reference</a>"
"365","Esox lucius","Northern pike","Male",27,38,"Scotland (UK)","Loch Davan","<a href=http://fishbase.us/references/ReferencesList.php?Author=&Year=&Title=&Source=&RefNo=4843>Reference</a>"
"366","Esox lucius","Northern pike","Male",27,32,"Scotland (UK)","Loch Kinord","<a href=http://fishbase.us/references/ReferencesList.php?Author=&Year=&Title=&Source=&RefNo=4843>Reference</a>"
"368","Esox lucius","Northern pike","Female",NA,29.5,"England and Wales (UK)","England","<a href=http://fishbase.us/references/ReferencesList.php?Author=&Year=&Title=&Source=&RefNo=26396>Reference</a>"
"369","Esox lucius","Northern pike","Female",42,NA,"United States","Missouri","<a href=http://fishbase.us/references/ReferencesList.php?Author=&Year=&Title=&Source=&RefNo=26394>Reference</a>"
"370","Esox lucius","Northern pike","Female",39,NA,"Canada","Northern Canada (4 lakes)","<a href=http://fishbase.us/references/ReferencesList.php?Author=&Year=&Title=&Source=&RefNo=4946>Reference</a>"
"371","Esox lucius","Northern pike","Female",40,NA,"Spain","Not specified.","<a href=http://fishbase.us/references/ReferencesList.php?Author=&Year=&Title=&Source=&RefNo=26392>Reference</a>"
"372","Esox lucius","Northern pike","Female",NA,25.7,"United Kingdom","Scotland","<a href=http://fishbase.us/references/ReferencesList.php?Author=&Year=&Title=&Source=&RefNo=3858>Reference</a>"
"373","Esox lucius","Northern pike","Female",NA,38,"Canada","Waskesiu lake, Saskatchewan","<a href=http://fishbase.us/references/ReferencesList.php?Author=&Year=&Title=&Source=&RefNo=26395>Reference</a>"
"374","Esox lucius","Northern pike","Female",NA,41.5,"United Kingdom","Windermere","<a href=http://fishbase.us/references/ReferencesList.php?Author=&Year=&Title=&Source=&RefNo=4992>Reference</a>"
"375","Esox lucius","Northern pike","Female",NA,50.8,"United States","Wisconsin","<a href=http://fishbase.us/references/ReferencesList.php?Author=&Year=&Title=&Source=&RefNo=26396>Reference</a>"
"377","Esox lucius","Northern pike","Male",31,NA,"Canada","Lac Ste Anne","<a href=http://fishbase.us/references/ReferencesList.php?Author=&Year=&Title=&Source=&RefNo=26390>Reference</a>"
"378","Esox lucius","Northern pike","Male",32,NA,"United States","Missouri","<a href=http://fishbase.us/references/ReferencesList.php?Author=&Year=&Title=&Source=&RefNo=26394>Reference</a>"
"379","Esox lucius","Northern pike","Male",39,NA,"Canada","Northern Canada (4 lakes)","<a href=http://fishbase.us/references/ReferencesList.php?Author=&Year=&Title=&Source=&RefNo=4946>Reference</a>"
"380","Esox lucius","Northern pike","Male",40,NA,"Spain","Not specified.","<a href=http://fishbase.us/references/ReferencesList.php?Author=&Year=&Title=&Source=&RefNo=26392>Reference</a>"
"381","Esox lucius","Northern pike","Male",NA,26.3,"United Kingdom","Scotland","<a href=http://fishbase.us/references/ReferencesList.php?Author=&Year=&Title=&Source=&RefNo=3858>Reference</a>"
"382","Esox lucius","Northern pike","Male",38,NA,"United Kingdom","Windermere","<a href=http://fishbase.us/references/ReferencesList.php?Author=&Year=&Title=&Source=&RefNo=4992>Reference</a>"
"383","Esox lucius","Northern pike","Male",38,NA,"United States","Wisconsin","<a href=http://fishbase.us/references/ReferencesList.php?Author=&Year=&Title=&Source=&RefNo=26396>Reference</a>"
"386","Esox lucius","Northern pike","Mixed",40,NA,"Russian Federation","Enisey river","<a href=http://fishbase.us/references/ReferencesList.php?Author=&Year=&Title=&Source=&RefNo=56502>Reference</a>"
"387","Esox lucius","Northern pike","Female",25,NA,NA,"Europe","<a href=http://fishbase.us/references/ReferencesList.php?Author=&Year=&Title=&Source=&RefNo=59043>Reference</a>"
"388","Esox lucius","Northern pike","Male",17,NA,NA,"Europe","<a href=http://fishbase.us/references/ReferencesList.php?Author=&Year=&Title=&Source=&RefNo=59043>Reference</a>"
"390","Esox lucius","Northern pike","Female",NA,38,"Ireland","Pollaphuca Reservoir, 1990 (April)","<a href=http://fishbase.us/references/ReferencesList.php?Author=&Year=&Title=&Source=&RefNo=89783>Reference</a>"
"391","Esox lucius","Northern pike","Male",NA,34,"Ireland","Pollaphuca Reservoir, 1990 (April)","<a href=http://fishbase.us/references/ReferencesList.php?Author=&Year=&Title=&Source=&RefNo=89783>Reference</a>"
"393","Esox reichertii",NA,"Unsexed",NA,40,"Russian Federation","Primorye","<a href=http://fishbase.us/references/ReferencesList.php?Author=&Year=&Title=&Source=&RefNo=56557>Reference</a>"
"394","Esox masquinongy","Muskellunge","Female",NA,77,"United States","Chautauqua Lake","<a href=http://fishbase.us/references/ReferencesList.php?Author=&Year=&Title=&Source=&RefNo=45885>Reference</a>"
"395","Esox masquinongy","Muskellunge","Male",NA,67,"United States","Chautauqua Lake","<a href=http://fishbase.us/references/ReferencesList.php?Author=&Year=&Title=&Source=&RefNo=45885>Reference</a>"
"396","Esox niger","Chain pickerel","Unsexed",15.6,NA,"United States","not specified","<a href=http://fishbase.us/references/ReferencesList.php?Author=&Year=&Title=&Source=&RefNo=39116>Reference</a>"
"399","Fundulus heteroclitus","Mummichog","Unsexed",3.5,NA,NA,"not specified","<a href=http://fishbase.us/references/ReferencesList.php?Author=&Year=&Title=&Source=&RefNo=59043>Reference</a>"
"400","Gasterosteus aculeatus","Three-spined stickleback","Unsexed",NA,3.6,"England and Wales (UK)","Cheshire, England","<a href=http://fishbase.us/references/ReferencesList.php?Author=&Year=&Title=&Source=&RefNo=796>Reference</a>"
"401","Gasterosteus aculeatus","Three-spined stickleback","Female",NA,5.5,"France","Roscoff (brackish waters)","<a href=http://fishbase.us/references/ReferencesList.php?Author=&Year=&Title=&Source=&RefNo=981>Reference</a>"
"402","Gasterosteus aculeatus","Three-spined stickleback","Male",NA,4.5,"France","Roscoff (brackish waters)","<a href=http://fishbase.us/references/ReferencesList.php?Author=&Year=&Title=&Source=&RefNo=981>Reference</a>"
"413","Hybognathus hankinsoni","Brassy minnow","Unsexed",NA,5.7,"Canada","Ontario","<a href=http://fishbase.us/references/ReferencesList.php?Author=&Year=&Title=&Source=&RefNo=58612>Reference</a>"
"415","Hybognathus regius","Eastern silvery minnow","Unsexed",NA,8.7,"United States","Virginia","<a href=http://fishbase.us/references/ReferencesList.php?Author=&Year=&Title=&Source=&RefNo=54724>Reference</a>"
"417","Hypomesus olidus","Pond smelt","Unsexed",NA,10,"Japan","Lake Suwa","<a href=http://fishbase.us/references/ReferencesList.php?Author=&Year=&Title=&Source=&RefNo=796>Reference</a>"
"422","Hypomesus nipponensis",NA,"Unsexed",6,NA,"Japan","Lake Abashiri, 1996","<a href=http://fishbase.us/references/ReferencesList.php?Author=&Year=&Title=&Source=&RefNo=93858>Reference</a>"
"423","Hypomesus transpacificus",NA,"Unsexed",5.5,6,"United States","California","<a href=http://fishbase.us/references/ReferencesList.php?Author=&Year=&Title=&Source=&RefNo=33312>Reference</a>"
"424","Ichthyomyzon castaneus","Chestnut lamprey","Unsexed",NA,10.1,"Canada","Manitoba","<a href=http://fishbase.us/references/ReferencesList.php?Author=&Year=&Title=&Source=&RefNo=1998>Reference</a>"
"425","Ichthyomyzon fossor","Northern brook lamprey","Unsexed",NA,13.5,"Canada","to be filled","<a href=http://fishbase.us/references/ReferencesList.php?Author=&Year=&Title=&Source=&RefNo=52559>Reference</a>"
"426","Ichthyomyzon unicuspis","Silver lamprey","Unsexed",NA,10,"Canada","to be filled","<a href=http://fishbase.us/references/ReferencesList.php?Author=&Year=&Title=&Source=&RefNo=52559>Reference</a>"
"427","Ictalurus punctatus","Channel catfish","Unsexed",NA,36,"United States","Mississippi River","<a href=http://fishbase.us/references/ReferencesList.php?Author=&Year=&Title=&Source=&RefNo=796>Reference</a>"
"430","Labidesthes sicculus","Brook silverside","Unsexed",NA,7,NA,"USA","<a href=http://fishbase.us/references/ReferencesList.php?Author=&Year=&Title=&Source=&RefNo=796>Reference</a>"
"431","Lampetra ayresii","Western river lamprey","Unsexed",NA,16.2,"Canada","to be filled","<a href=http://fishbase.us/references/ReferencesList.php?Author=&Year=&Title=&Source=&RefNo=1998>Reference</a>"
"433","Lepisosteus oculatus","Spotted gar","Unsexed",NA,54.9,"Canada","Great Lakes","<a href=http://fishbase.us/references/ReferencesList.php?Author=&Year=&Title=&Source=&RefNo=58585>Reference</a>"
"434","Lepisosteus oculatus","Spotted gar","Female",39.5,NA,"United States","Lake Pontchartrain Estuary, Louisiana (Nov 1998-Oct 1999)","<a href=http://fishbase.us/references/ReferencesList.php?Author=&Year=&Title=&Source=&RefNo=58775>Reference</a>"
"435","Lepisosteus oculatus","Spotted gar","Male",28.5,NA,"United States","Lake Pontchartrain Estuary, Louisiana (Nov 1998-Oct 1999)","<a href=http://fishbase.us/references/ReferencesList.php?Author=&Year=&Title=&Source=&RefNo=58775>Reference</a>"
"436","Lepisosteus osseus","Longnose gar","Female",NA,83.8,"United States","Missouri","<a href=http://fishbase.us/references/ReferencesList.php?Author=&Year=&Title=&Source=&RefNo=38418>Reference</a>"
"437","Lepisosteus osseus","Longnose gar","Male",66,NA,"United States","Missouri","<a href=http://fishbase.us/references/ReferencesList.php?Author=&Year=&Title=&Source=&RefNo=38418>Reference</a>"
"438","Lepisosteus osseus","Longnose gar","Female",NA,50,"Canada","Great Lakes","<a href=http://fishbase.us/references/ReferencesList.php?Author=&Year=&Title=&Source=&RefNo=58584>Reference</a>"
"446","Lethenteron appendix","American brook lamprey","Unsexed",NA,15,"Canada","to be filled","<a href=http://fishbase.us/references/ReferencesList.php?Author=&Year=&Title=&Source=&RefNo=52559>Reference</a>"
"447","Lethenteron camtschaticum","Arctic lamprey","Female",13,NA,NA,"North America and Asia.","<a href=http://fishbase.us/references/ReferencesList.php?Author=&Year=&Title=&Source=&RefNo=12321>Reference</a>"
"448","Lethenteron camtschaticum","Arctic lamprey","Male",13.5,NA,NA,"North America and Asia.","<a href=http://fishbase.us/references/ReferencesList.php?Author=&Year=&Title=&Source=&RefNo=12321>Reference</a>"
"449","Lethenteron camtschaticum","Arctic lamprey","Unsexed",13,NA,"Mongolia","Barh and Hurh rivers","<a href=http://fishbase.us/references/ReferencesList.php?Author=&Year=&Title=&Source=&RefNo=41072>Reference</a>"
"450","Lethenteron camtschaticum","Arctic lamprey","Unsexed",35,NA,NA,"Not specified","<a href=http://fishbase.us/references/ReferencesList.php?Author=&Year=&Title=&Source=&RefNo=59043>Reference</a>"
"455","Lota lota","Burbot","Female",35,NA,"Mongolia","Selenga and orhon rivers","<a href=http://fishbase.us/references/ReferencesList.php?Author=&Year=&Title=&Source=&RefNo=41072>Reference</a>"
"456","Lota lota","Burbot","Male",27,NA,"Mongolia","Selenga and Orhon rivers","<a href=http://fishbase.us/references/ReferencesList.php?Author=&Year=&Title=&Source=&RefNo=41072>Reference</a>"
"462","Lota lota","Burbot","Mixed",40,NA,"Russian Federation","Enisey river","<a href=http://fishbase.us/references/ReferencesList.php?Author=&Year=&Title=&Source=&RefNo=56502>Reference</a>"
"463","Lota lota","Burbot","Unsexed",45,NA,"Alaska (USA)","Not specified","<a href=http://fishbase.us/references/ReferencesList.php?Author=&Year=&Title=&Source=&RefNo=58810>Reference</a>"
"466","Luxilus chrysocephalus","Striped shiner","Female",NA,6.7,"United States","Virginia","<a href=http://fishbase.us/references/ReferencesList.php?Author=&Year=&Title=&Source=&RefNo=52559>Reference</a>"
"467","Luxilus cornutus","Common shiner","Unsexed",NA,7.4,"Canada","Ontario","<a href=http://fishbase.us/references/ReferencesList.php?Author=&Year=&Title=&Source=&RefNo=58612>Reference</a>"
"468","Lythrurus umbratilis","Redfin shiner","Unsexed",NA,3,"United States","Mississippi","<a href=http://fishbase.us/references/ReferencesList.php?Author=&Year=&Title=&Source=&RefNo=58620>Reference</a>"
"469","Macrhybopsis storeriana","Silver chub","Unsexed",NA,13.2,"Canada","to be filled","<a href=http://fishbase.us/references/ReferencesList.php?Author=&Year=&Title=&Source=&RefNo=58533>Reference</a>"
"470","Micropterus dolomieu","Smallmouth bass","Female",22,NA,"United States","Nebish Lake, Wisconsin","<a href=http://fishbase.us/references/ReferencesList.php?Author=&Year=&Title=&Source=&RefNo=40678>Reference</a>"
"471","Micropterus dolomieu","Smallmouth bass","Male",20,NA,"United States","Nebish Lake, Wisconsin","<a href=http://fishbase.us/references/ReferencesList.php?Author=&Year=&Title=&Source=&RefNo=32487>Reference</a>"
"476","Morone chrysops","White bass","Female",NA,28,"United States","Lake Erie, 1927-29","<a href=http://fishbase.us/references/ReferencesList.php?Author=&Year=&Title=&Source=&RefNo=3380>Reference</a>"
"477","Morone chrysops","White bass","Male",NA,21,"United States","Lake Erie, 1927-29","<a href=http://fishbase.us/references/ReferencesList.php?Author=&Year=&Title=&Source=&RefNo=3380>Reference</a>"
"484","Mugil cephalus","Flathead grey mullet","Unsexed",NA,27,"Tunisia","lagoon","<a href=http://fishbase.us/references/ReferencesList.php?Author=&Year=&Title=&Source=&RefNo=2285>Reference</a>"
"485","Mugil cephalus","Flathead grey mullet","Unsexed",30,NA,NA,"Western Australia","<a href=http://fishbase.us/references/ReferencesList.php?Author=&Year=&Title=&Source=&RefNo=28724>Reference</a>"
"486","Mugil cephalus","Flathead grey mullet","Female",NA,33,"France","Gulf of Lion","<a href=http://fishbase.us/references/ReferencesList.php?Author=&Year=&Title=&Source=&RefNo=7253>Reference</a>"
"487","Mugil cephalus","Flathead grey mullet","Male",NA,31,"France","Gulf of Lion","<a href=http://fishbase.us/references/ReferencesList.php?Author=&Year=&Title=&Source=&RefNo=7253>Reference</a>"
"488","Mugil cephalus","Flathead grey mullet","Unsexed",20,NA,"Taiwan","Taiwan","<a href=http://fishbase.us/references/ReferencesList.php?Author=&Year=&Title=&Source=&RefNo=11281>Reference</a>"
"489","Mugil cephalus","Flathead grey mullet","Unsexed",45,NA,"Namibia","Namibia","<a href=http://fishbase.us/references/ReferencesList.php?Author=&Year=&Title=&Source=&RefNo=36731>Reference</a>"
"491","Mugil cephalus","Flathead grey mullet","Unsexed",30,NA,"Russian Federation","Primorye","<a href=http://fishbase.us/references/ReferencesList.php?Author=&Year=&Title=&Source=&RefNo=56557>Reference</a>"
"492","Mugil cephalus","Flathead grey mullet","Unsexed",NA,34,"South Africa","southern African estuaries","<a href=http://fishbase.us/references/ReferencesList.php?Author=&Year=&Title=&Source=&RefNo=58350>Reference</a>"
"495","Mugil cephalus","Flathead grey mullet","Female",29.9,37.7,"Mexico","Tamiahua Lagoon, Veracruz (21°06'-22°06' N and 97°23'-97°46' W, April 1991-Mar 1992)","<a href=http://fishbase.us/references/ReferencesList.php?Author=&Year=&Title=&Source=&RefNo=79024>Reference</a>"
"496","Mugil cephalus","Flathead grey mullet","Male",28,37.3,"Mexico","Tamiahua Lagoon, Veracruz (21°06'-22°06' N and 97°23'-97°46' W, April 1991-Mar 1992)","<a href=http://fishbase.us/references/ReferencesList.php?Author=&Year=&Title=&Source=&RefNo=79024>Reference</a>"
"497","Mylocheilus caurinus","Peamouth","Female",NA,24.9,"United States","Washington","<a href=http://fishbase.us/references/ReferencesList.php?Author=&Year=&Title=&Source=&RefNo=58470>Reference</a>"
"500","Myoxocephalus quadricornis","Fourhorn sculpin","Mixed",15,NA,NA,"Arctic seas","<a href=http://fishbase.us/references/ReferencesList.php?Author=&Year=&Title=&Source=&RefNo=35388>Reference</a>"
"507","Nocomis micropogon","River chub","Unsexed",NA,11,"Canada","Ontario","<a href=http://fishbase.us/references/ReferencesList.php?Author=&Year=&Title=&Source=&RefNo=1998>Reference</a>"
"508","Notemigonus crysoleucas","Golden shiner","Unsexed",NA,6.4,"Canada","Ontario lake","<a href=http://fishbase.us/references/ReferencesList.php?Author=&Year=&Title=&Source=&RefNo=58612>Reference</a>"
"510","Notropis atherinoides","Emerald shiner","Unsexed",NA,4.2,"Canada","Ontario lake","<a href=http://fishbase.us/references/ReferencesList.php?Author=&Year=&Title=&Source=&RefNo=58612>Reference</a>"
"511","Notropis bifrenatus","Bridle shiner","Unsexed",NA,3.5,"United States","Virginia","<a href=http://fishbase.us/references/ReferencesList.php?Author=&Year=&Title=&Source=&RefNo=54724>Reference</a>"
"513","Oncorhynchus clarkii","Cutthroat trout","Unsexed",10,NA,"United States","near South Fork Snake River","<a href=http://fishbase.us/references/ReferencesList.php?Author=&Year=&Title=&Source=&RefNo=48950>Reference</a>"
"514","Oncorhynchus clarkii","Cutthroat trout","Unsexed",30,NA,"United States","South Fork Snake River","<a href=http://fishbase.us/references/ReferencesList.php?Author=&Year=&Title=&Source=&RefNo=48950>Reference</a>"
"515","Oncorhynchus clarkii","Cutthroat trout","Female",15,NA,"United States","Upper Missouri River drainage","<a href=http://fishbase.us/references/ReferencesList.php?Author=&Year=&Title=&Source=&RefNo=74494>Reference</a>"
"516","Oncorhynchus clarkii","Cutthroat trout","Male",11,NA,"United States","Upper Missouri River drainage","<a href=http://fishbase.us/references/ReferencesList.php?Author=&Year=&Title=&Source=&RefNo=74494>Reference</a>"
"517","Oncorhynchus gorbuscha","Pink salmon","Unsexed",40,45,NA,"North America","<a href=http://fishbase.us/references/ReferencesList.php?Author=&Year=&Title=&Source=&RefNo=27368>Reference</a>"
"519","Oncorhynchus keta","Chum salmon","Female",NA,70,"Canada","Columbia River","<a href=http://fishbase.us/references/ReferencesList.php?Author=&Year=&Title=&Source=&RefNo=796>Reference</a>"
"520","Oncorhynchus keta","Chum salmon","Male",NA,81,"Canada","Columbia River","<a href=http://fishbase.us/references/ReferencesList.php?Author=&Year=&Title=&Source=&RefNo=796>Reference</a>"
"528","Oncorhynchus mykiss","Rainbow trout","Unsexed",15,NA,NA,"Not specified","<a href=http://fishbase.us/references/ReferencesList.php?Author=&Year=&Title=&Source=&RefNo=27547>Reference</a>"
"530","Oncorhynchus nerka","Sockeye salmon","Unsexed",NA,60,"Canada","Cultus Lake","<a href=http://fishbase.us/references/ReferencesList.php?Author=&Year=&Title=&Source=&RefNo=796>Reference</a>"
"533","Oncorhynchus tshawytscha","Chinook salmon","Unsexed",NA,78.9,"Russian Federation","Eastern Kamchatka","<a href=http://fishbase.us/references/ReferencesList.php?Author=&Year=&Title=&Source=&RefNo=56350>Reference</a>"
"534","Oncorhynchus tshawytscha","Chinook salmon","Unsexed",NA,85.4,"Russian Federation","Western Kamchatka","<a href=http://fishbase.us/references/ReferencesList.php?Author=&Year=&Title=&Source=&RefNo=56350>Reference</a>"
"539","Osmerus mordax","Rainbow smelt","Female",NA,19.7,"United States","Massachusetts river system","<a href=http://fishbase.us/references/ReferencesList.php?Author=&Year=&Title=&Source=&RefNo=52221>Reference</a>"
"540","Osmerus mordax","Rainbow smelt","Female",NA,19.3,"United States","western Lake Superior","<a href=http://fishbase.us/references/ReferencesList.php?Author=&Year=&Title=&Source=&RefNo=52222>Reference</a>"
"541","Osmerus mordax","Rainbow smelt","Male",NA,18.8,"United States","Massachusetts river system","<a href=http://fishbase.us/references/ReferencesList.php?Author=&Year=&Title=&Source=&RefNo=52221>Reference</a>"
"542","Osmerus mordax","Rainbow smelt","Male",NA,15,"United States","western Lake Superior","<a href=http://fishbase.us/references/ReferencesList.php?Author=&Year=&Title=&Source=&RefNo=52222>Reference</a>"
"543","Osmerus mordax","Rainbow smelt","Mixed",NA,22,"Canada","Beaufort Sea","<a href=http://fishbase.us/references/ReferencesList.php?Author=&Year=&Title=&Source=&RefNo=52220>Reference</a>"
"547","Osmerus dentex","Pacific rainbow smelt","Mixed",14,NA,"Russian Federation","Enisey river","<a href=http://fishbase.us/references/ReferencesList.php?Author=&Year=&Title=&Source=&RefNo=56502>Reference</a>"
"551","Percopsis omiscomaycus","Trout-perch","Female",7.5,NA,"United States","SE Lake Michigan, 1970","<a href=http://fishbase.us/references/ReferencesList.php?Author=&Year=&Title=&Source=&RefNo=51953>Reference</a>"
"559","Platichthys stellatus","Starry flounder","Female",35,NA,"United States","California","<a href=http://fishbase.us/references/ReferencesList.php?Author=&Year=&Title=&Source=&RefNo=1098>Reference</a>"
"560","Platichthys stellatus","Starry flounder","Male",30,NA,"United States","California","<a href=http://fishbase.us/references/ReferencesList.php?Author=&Year=&Title=&Source=&RefNo=1098>Reference</a>"
"565","Prosopium cylindraceum","Round whitefish","Female",NA,30,"Russian Federation","Anadyr river","<a href=http://fishbase.us/references/ReferencesList.php?Author=&Year=&Title=&Source=&RefNo=56521>Reference</a>"
"566","Prosopium cylindraceum","Round whitefish","Male",NA,27,"Russian Federation","Anadyr river","<a href=http://fishbase.us/references/ReferencesList.php?Author=&Year=&Title=&Source=&RefNo=56521>Reference</a>"
"567","Pungitius pungitius","Ninespine stickleback","Unsexed",NA,3.7,"England and Wales (UK)","Cheshire, England","<a href=http://fishbase.us/references/ReferencesList.php?Author=&Year=&Title=&Source=&RefNo=796>Reference</a>"
"572","Rhinichthys cataractae","Longnose dace","Female",5.6,NA,"Canada","Coweeta drainage","<a href=http://fishbase.us/references/ReferencesList.php?Author=&Year=&Title=&Source=&RefNo=51971>Reference</a>"
"575","Salmo salar","Atlantic salmon","Male",7.5,8.5,"Spain","Esva River (43°33'N, 6°32'E), 1992-1994","<a href=http://fishbase.us/references/ReferencesList.php?Author=&Year=&Title=&Source=&RefNo=36293>Reference</a>"
"579","Salmo salar","Atlantic salmon","Female",NA,73.8,"Canada","Bouleau River, Quebec, 1973","<a href=http://fishbase.us/references/ReferencesList.php?Author=&Year=&Title=&Source=&RefNo=58801>Reference</a>"
"580","Salmo salar","Atlantic salmon","Female",NA,72.4,"Canada","Pigou River, Quebec, 1973","<a href=http://fishbase.us/references/ReferencesList.php?Author=&Year=&Title=&Source=&RefNo=58801>Reference</a>"
"582","Salmo salar","Atlantic salmon","Male",NA,50.6,"Canada","Bouleau River, Quebec, 1973","<a href=http://fishbase.us/references/ReferencesList.php?Author=&Year=&Title=&Source=&RefNo=58801>Reference</a>"
"584","Salmo salar","Atlantic salmon","Male",NA,53.1,"Canada","Pigou River, Quebec, 1973","<a href=http://fishbase.us/references/ReferencesList.php?Author=&Year=&Title=&Source=&RefNo=58801>Reference</a>"
"591","Salmo salar","Atlantic salmon","Unsexed",60,NA,NA,"Baltic Sea","<a href=http://fishbase.us/references/ReferencesList.php?Author=&Year=&Title=&Source=&RefNo=89463>Reference</a>"
"594","Salvelinus alpinus alpinus","Arctic char","Female",NA,60,"Canada","Baffin Island","<a href=http://fishbase.us/references/ReferencesList.php?Author=&Year=&Title=&Source=&RefNo=796>Reference</a>"
"597","Salvelinus alpinus alpinus","Arctic char","Unsexed",NA,35,"Canada","Cumberland Sound, Baffin Island","<a href=http://fishbase.us/references/ReferencesList.php?Author=&Year=&Title=&Source=&RefNo=28967>Reference</a>"
"598","Salvelinus alpinus alpinus","Arctic char","Unsexed",NA,38.1,"Canada","Frasier River, northern Labrador","<a href=http://fishbase.us/references/ReferencesList.php?Author=&Year=&Title=&Source=&RefNo=40568>Reference</a>"
"602","Salvelinus confluentus","Bull trout","Unsexed",58,72,NA,"tributaries to Thutade Lake, northcentral BC","<a href=http://fishbase.us/references/ReferencesList.php?Author=&Year=&Title=&Source=&RefNo=49186>Reference</a>"
"608","Salvelinus malma","Dolly varden","Unsexed",20,NA,NA,"Not specified (probably in North Korea)","<a href=http://fishbase.us/references/ReferencesList.php?Author=&Year=&Title=&Source=&RefNo=12218>Reference</a>"
"609","Salvelinus malma","Dolly varden","Unsexed",NA,32,"Alaska (USA)","Alaska","<a href=http://fishbase.us/references/ReferencesList.php?Author=&Year=&Title=&Source=&RefNo=40572>Reference</a>"
"610","Salvelinus malma","Dolly varden","Unsexed",12,15,NA,"tributaries to Thutade Lake, northcentral BC","<a href=http://fishbase.us/references/ReferencesList.php?Author=&Year=&Title=&Source=&RefNo=49186>Reference</a>"
"611","Salvelinus namaycush","Lake trout","Unsexed",NA,18.4,"Canada","Great Slave Lake","<a href=http://fishbase.us/references/ReferencesList.php?Author=&Year=&Title=&Source=&RefNo=796>Reference</a>"
"614","Salvelinus namaycush","Lake trout","Female",42.2,NA,"Alaska (USA)","Walker L., Gates of the Arctic Nat'l Park, 1987-88","<a href=http://fishbase.us/references/ReferencesList.php?Author=&Year=&Title=&Source=&RefNo=33305>Reference</a>"
"615","Salvelinus namaycush","Lake trout","Male",43.5,NA,"Alaska (USA)","Walker L., Gates of the Arctic Nat'l Park, 1987-88","<a href=http://fishbase.us/references/ReferencesList.php?Author=&Year=&Title=&Source=&RefNo=33305>Reference</a>"
"616","Salvelinus namaycush","Lake trout","Unsexed",34,NA,"Alaska (USA)","Brooks Range","<a href=http://fishbase.us/references/ReferencesList.php?Author=&Year=&Title=&Source=&RefNo=33306>Reference</a>"
"617","Salvelinus namaycush","Lake trout","Unsexed",30.8,NA,"Alaska (USA)","Subarctic region","<a href=http://fishbase.us/references/ReferencesList.php?Author=&Year=&Title=&Source=&RefNo=33307>Reference</a>"
"618","Salvelinus namaycush","Lake trout","Unsexed",NA,37,"Alaska (USA)","Butte Lake, 1987-90","<a href=http://fishbase.us/references/ReferencesList.php?Author=&Year=&Title=&Source=&RefNo=33309>Reference</a>"
"619","Salvelinus namaycush","Lake trout","Unsexed",NA,41,"Alaska (USA)","Chandler  Lake, 1987-90","<a href=http://fishbase.us/references/ReferencesList.php?Author=&Year=&Title=&Source=&RefNo=33309>Reference</a>"
"620","Salvelinus namaycush","Lake trout","Unsexed",NA,48.1,"Alaska (USA)","Fielding Lake, 1987-90","<a href=http://fishbase.us/references/ReferencesList.php?Author=&Year=&Title=&Source=&RefNo=33309>Reference</a>"
"621","Salvelinus namaycush","Lake trout","Unsexed",NA,37.5,"Alaska (USA)","Glacier  Lake, 1987-90","<a href=http://fishbase.us/references/ReferencesList.php?Author=&Year=&Title=&Source=&RefNo=33309>Reference</a>"
"622","Salvelinus namaycush","Lake trout","Unsexed",NA,35,"Alaska (USA)","Landlocked Tangle  Lake, 1987-90","<a href=http://fishbase.us/references/ReferencesList.php?Author=&Year=&Title=&Source=&RefNo=33309>Reference</a>"
"623","Salvelinus namaycush","Lake trout","Unsexed",NA,42.6,"Alaska (USA)","Paxson Lake, 1987-90","<a href=http://fishbase.us/references/ReferencesList.php?Author=&Year=&Title=&Source=&RefNo=33309>Reference</a>"
"624","Salvelinus namaycush","Lake trout","Unsexed",NA,38.6,"Alaska (USA)","Sevenmile Lake, 1987-90","<a href=http://fishbase.us/references/ReferencesList.php?Author=&Year=&Title=&Source=&RefNo=33309>Reference</a>"
"625","Salvelinus namaycush","Lake trout","Unsexed",NA,45.2,"Alaska (USA)","Summit Lake, 1987-90","<a href=http://fishbase.us/references/ReferencesList.php?Author=&Year=&Title=&Source=&RefNo=33309>Reference</a>"
"626","Salvelinus namaycush","Lake trout","Unsexed",NA,34.3,"Alaska (USA)","Twobit  Lake, 1987-90","<a href=http://fishbase.us/references/ReferencesList.php?Author=&Year=&Title=&Source=&RefNo=33309>Reference</a>"
"627","Salvelinus namaycush","Lake trout","Unsexed",NA,40,"Alaska (USA)","Upper Tangle Lake, 1987-90","<a href=http://fishbase.us/references/ReferencesList.php?Author=&Year=&Title=&Source=&RefNo=33309>Reference</a>"
"628","Salvelinus namaycush","Lake trout","Unsexed",NA,47.6,"Alaska (USA)","Walker Lake, 1987-90","<a href=http://fishbase.us/references/ReferencesList.php?Author=&Year=&Title=&Source=&RefNo=33309>Reference</a>"
"630","Sander canadensis","Sauger","Female",NA,32,"Canada","Lake Nipigon","<a href=http://fishbase.us/references/ReferencesList.php?Author=&Year=&Title=&Source=&RefNo=796>Reference</a>"
"631","Sander vitreus","Walleye","Female",36,NA,"Canada","to be filled","<a href=http://fishbase.us/references/ReferencesList.php?Author=&Year=&Title=&Source=&RefNo=33236>Reference</a>"
"632","Sander vitreus","Walleye","Male",28,NA,"Canada","to be filled","<a href=http://fishbase.us/references/ReferencesList.php?Author=&Year=&Title=&Source=&RefNo=33236>Reference</a>"
"638","Spirinchus thaleichthys","Longfin smelt","Unsexed",NA,9,"Alaska (USA)","Alaska","<a href=http://fishbase.us/references/ReferencesList.php?Author=&Year=&Title=&Source=&RefNo=56527>Reference</a>"
"639","Stenodus leucichthys","Sheefish","Female",70,NA,"Russian Federation","Anadyr Basin, 1972-96","<a href=http://fishbase.us/references/ReferencesList.php?Author=&Year=&Title=&Source=&RefNo=38435>Reference</a>"
"640","Stenodus leucichthys","Sheefish","Male",65,NA,"Russian Federation","Anadyr Basin, 1972-96","<a href=http://fishbase.us/references/ReferencesList.php?Author=&Year=&Title=&Source=&RefNo=38435>Reference</a>"
"641","Stenodus leucichthys","Sheefish","Mixed",48,NA,"Russian Federation","Enisey river","<a href=http://fishbase.us/references/ReferencesList.php?Author=&Year=&Title=&Source=&RefNo=56502>Reference</a>"
"642","Stenodus leucichthys","Sheefish","Unsexed",60,NA,NA,"Arctic Ocean basin ","<a href=http://fishbase.us/references/ReferencesList.php?Author=&Year=&Title=&Source=&RefNo=59043>Reference</a>"
"646","Stenodus nelma","","Mixed",60,NA,NA,"not specified","<a href=http://fishbase.us/references/ReferencesList.php?Author=&Year=&Title=&Source=&RefNo=59043>Reference</a>"
"649","Thaleichthys pacificus","Eulachon","Unsexed",15,NA,"United States","Bering Sea","<a href=http://fishbase.us/references/ReferencesList.php?Author=&Year=&Title=&Source=&RefNo=56527>Reference</a>"
"654","Thymallus arcticus","Arctic grayling","Mixed",23,NA,"Russian Federation","Enisey river","<a href=http://fishbase.us/references/ReferencesList.php?Author=&Year=&Title=&Source=&RefNo=56502>Reference</a>"
"656","Ctenopharyngodon idella","Grass carp","Female",60,NA,"Russian Federation","Amur River (middle)","<a href=http://fishbase.us/references/ReferencesList.php?Author=&Year=&Title=&Source=&RefNo=48>Reference</a>"
"657","Ctenopharyngodon idella","Grass carp","Female",73.8,NA,"India","Cuttack","<a href=http://fishbase.us/references/ReferencesList.php?Author=&Year=&Title=&Source=&RefNo=48>Reference</a>"
"658","Ctenopharyngodon idella","Grass carp","Female",58,NA,"Malaysia","Malacca","<a href=http://fishbase.us/references/ReferencesList.php?Author=&Year=&Title=&Source=&RefNo=48>Reference</a>"
"659","Ctenopharyngodon idella","Grass carp","Male",60,NA,"Russian Federation","Amur River (middle)","<a href=http://fishbase.us/references/ReferencesList.php?Author=&Year=&Title=&Source=&RefNo=48>Reference</a>"
"660","Ctenopharyngodon idella","Grass carp","Male",75.2,NA,"India","Cuttack","<a href=http://fishbase.us/references/ReferencesList.php?Author=&Year=&Title=&Source=&RefNo=48>Reference</a>"
"661","Ctenopharyngodon idella","Grass carp","Male",51,NA,"Malaysia","Malacca","<a href=http://fishbase.us/references/ReferencesList.php?Author=&Year=&Title=&Source=&RefNo=48>Reference</a>"
"662","Ctenopharyngodon idella","Grass carp","Unsexed",NA,70,NA,"to be filled","<a href=http://fishbase.us/references/ReferencesList.php?Author=&Year=&Title=&Source=&RefNo=150>Reference</a>"
"663","Ctenopharyngodon idella","Grass carp","Unsexed",NA,65,"China","Changjiang River = Yangtze","<a href=http://fishbase.us/references/ReferencesList.php?Author=&Year=&Title=&Source=&RefNo=37797>Reference</a>"
"664","Ctenopharyngodon idella","Grass carp","Unsexed",NA,70,"China","Heilongjiang River = Amur","<a href=http://fishbase.us/references/ReferencesList.php?Author=&Year=&Title=&Source=&RefNo=37797>Reference</a>"
"665","Ctenopharyngodon idella","Grass carp","Unsexed",NA,55,"China","Zhujiang River = Pearl River","<a href=http://fishbase.us/references/ReferencesList.php?Author=&Year=&Title=&Source=&RefNo=37797>Reference</a>"
"667","Ctenopharyngodon idella","Grass carp","Unsexed",60,NA,NA,"not specified ","<a href=http://fishbase.us/references/ReferencesList.php?Author=&Year=&Title=&Source=&RefNo=59043>Reference</a>"
