"","ScientificName","CommonName","Sex","Minimum length at first maturity","Mean length at first maturity (Lm)","Measurement type","Country","Locality","Reference"
"6","Cyprinus carpio","Common carp","Unsexed",37,NA,NA,"India","(hills)","<a href=http://fishbase.us/references/ReferencesList.php?Author=&Year=&Title=&Source=&RefNo=142 target='_blank' >Reference</a>"
"7","Cyprinus carpio","Common carp","Unsexed",15,NA,NA,"India","(plains)","<a href=http://fishbase.us/references/ReferencesList.php?Author=&Year=&Title=&Source=&RefNo=142 target='_blank' >Reference</a>"
"9","Cyprinus carpio","Common carp","Unsexed",40,NA,NA,NA,"Europe","<a href=http://fishbase.us/references/ReferencesList.php?Author=&Year=&Title=&Source=&RefNo=142 target='_blank' >Reference</a>"
"10","Cyprinus carpio","Common carp","Unsexed",30,NA,NA,"Indonesia","Indonesia","<a href=http://fishbase.us/references/ReferencesList.php?Author=&Year=&Title=&Source=&RefNo=142 target='_blank' >Reference</a>"
"12","Cyprinus carpio","Common carp","Unsexed",30,NA,NA,"Japan","Japan","<a href=http://fishbase.us/references/ReferencesList.php?Author=&Year=&Title=&Source=&RefNo=142 target='_blank' >Reference</a>"
"20","Cyprinus carpio","Common carp","Female",25,NA,NA,NA,"Not stated","<a href=http://fishbase.us/references/ReferencesList.php?Author=&Year=&Title=&Source=&RefNo=6390 target='_blank' >Reference</a>"
"21","Cyprinus carpio","Common carp","Male",20,NA,"NG",NA,"Not stated","<a href=http://fishbase.us/references/ReferencesList.php?Author=&Year=&Title=&Source=&RefNo=6390 target='_blank' >Reference</a>"
"23","Cyprinus carpio","Common carp","Mixed",NA,25.1,"TL","France","Camargue","<a href=http://fishbase.us/references/ReferencesList.php?Author=&Year=&Title=&Source=&RefNo=52210 target='_blank' >Reference</a>"
"24","Cyprinus carpio","Common carp","Mixed",NA,19.4,"TL","Spain","Guadalquivir River, Southwest region","<a href=http://fishbase.us/references/ReferencesList.php?Author=&Year=&Title=&Source=&RefNo=52211 target='_blank' >Reference</a>"
"27","Cyprinus carpio","Common carp","Female",NA,32.8,"FL",NA,"Barmah Forest","<a href=http://fishbase.us/references/ReferencesList.php?Author=&Year=&Title=&Source=&RefNo=89158 target='_blank' >Reference</a>"
"28","Cyprinus carpio","Common carp","Female",NA,27.3,"FL",NA,"Campaspe Channels","<a href=http://fishbase.us/references/ReferencesList.php?Author=&Year=&Title=&Source=&RefNo=89159 target='_blank' >Reference</a>"
"29","Cyprinus carpio","Common carp","Female",NA,34.7,"FL","Slovakia","Danube","<a href=http://fishbase.us/references/ReferencesList.php?Author=&Year=&Title=&Source=&RefNo=89157 target='_blank' >Reference</a>"
"30","Cyprinus carpio","Common carp","Female",NA,40.3,"FL","South Africa","Hartbeespoort Dam","<a href=http://fishbase.us/references/ReferencesList.php?Author=&Year=&Title=&Source=&RefNo=89160 target='_blank' >Reference</a>"
"31","Cyprinus carpio","Common carp","Female",27.6,33.5,"FL","South Africa","Lake Gariep, (30°38'S; 25°46'E), Orange River, 2006-2008","<a href=http://fishbase.us/references/ReferencesList.php?Author=&Year=&Title=&Source=&RefNo=88006 target='_blank' >Reference</a>"
"32","Cyprinus carpio","Common carp","Female",NA,42,"FL","Kenya","Lake Naivasha","<a href=http://fishbase.us/references/ReferencesList.php?Author=&Year=&Title=&Source=&RefNo=89162 target='_blank' >Reference</a>"
"33","Cyprinus carpio","Common carp","Male",NA,30.7,"FL",NA,"Barmah Forest","<a href=http://fishbase.us/references/ReferencesList.php?Author=&Year=&Title=&Source=&RefNo=89158 target='_blank' >Reference</a>"
"34","Cyprinus carpio","Common carp","Male",NA,28.7,"FL",NA,"Campaspe","<a href=http://fishbase.us/references/ReferencesList.php?Author=&Year=&Title=&Source=&RefNo=89159 target='_blank' >Reference</a>"
"35","Cyprinus carpio","Common carp","Male",NA,31.6,"FL","Slovakia","Danube","<a href=http://fishbase.us/references/ReferencesList.php?Author=&Year=&Title=&Source=&RefNo=89157 target='_blank' >Reference</a>"
"37","Cyprinus carpio","Common carp","Male",25.8,29.6,"FL","South Africa","Lake Gariep, (30°38'S; 25°46'E), Orange River, 2006-2008","<a href=http://fishbase.us/references/ReferencesList.php?Author=&Year=&Title=&Source=&RefNo=88006 target='_blank' >Reference</a>"
"38","Cyprinus carpio","Common carp","Male",NA,34,"FL","Kenya","Lake Naivasha","<a href=http://fishbase.us/references/ReferencesList.php?Author=&Year=&Title=&Source=&RefNo=89162 target='_blank' >Reference</a>"
"40","Cyprinus carpio","Common carp","Female",NA,33.76,"FL","Turkey","Bayramiç Reservoir","<a href=http://fishbase.us/references/ReferencesList.php?Author=&Year=&Title=&Source=&RefNo=96089 target='_blank' >Reference</a>"
"41","Cyprinus carpio","Common carp","Male",NA,28.33,"FL","Turkey","Bayramiç Reservoir","<a href=http://fishbase.us/references/ReferencesList.php?Author=&Year=&Title=&Source=&RefNo=96089 target='_blank' >Reference</a>"
"44","Cyprinus carpio","Common carp","Female",32,NA,NA,"Mongolia","Not specified.","<a href=http://fishbase.us/references/ReferencesList.php?Author=&Year=&Title=&Source=&RefNo=41072 target='_blank' >Reference</a>"
"45","Cyprinus carpio","Common carp","Male",26,NA,NA,"Mongolia","Not specified.","<a href=http://fishbase.us/references/ReferencesList.php?Author=&Year=&Title=&Source=&RefNo=41072 target='_blank' >Reference</a>"
"53","Gymnocephalus cernua","Ruffe","Female",NA,10.5,NA,NA,"Not stated","<a href=http://fishbase.us/references/ReferencesList.php?Author=&Year=&Title=&Source=&RefNo=88808 target='_blank' >Reference</a>"
"54","Gymnocephalus cernua","Ruffe","Male",NA,10,NA,NA,"Not stated","<a href=http://fishbase.us/references/ReferencesList.php?Author=&Year=&Title=&Source=&RefNo=88808 target='_blank' >Reference</a>"
"55","Neogobius melanostomus","Round goby","Female",4.3,NA,"SL","United States","Upper Detroit River","<a href=http://fishbase.us/references/ReferencesList.php?Author=&Year=&Title=&Source=&RefNo=35480 target='_blank' >Reference</a>"
"63","Pylodictis olivaris","Flathead catfish","Female",18,NA,"TL","United States","Big Blue and Neosho Rivers, Kansas","<a href=http://fishbase.us/references/ReferencesList.php?Author=&Year=&Title=&Source=&RefNo=3987 target='_blank' >Reference</a>"
"64","Pylodictis olivaris","Flathead catfish","Male",15,17,"TL","United States","Big Blue and Neosho Rivers, Kansas","<a href=http://fishbase.us/references/ReferencesList.php?Author=&Year=&Title=&Source=&RefNo=3987 target='_blank' >Reference</a>"
"66","Salmo trutta","Sea trout","Unsexed",NA,24,NA,"United Kingdom","Lake Windermere, England","<a href=http://fishbase.us/references/ReferencesList.php?Author=&Year=&Title=&Source=&RefNo=796 target='_blank' >Reference</a>"
"70","Salmo trutta","Sea trout","Mixed",NA,36.9,"FL","France","River Calonne, Normandy, 1985","<a href=http://fishbase.us/references/ReferencesList.php?Author=&Year=&Title=&Source=&RefNo=40189 target='_blank' >Reference</a>"
"74","Salmo trutta","Sea trout","Male",12,NA,"FL","England and Wales (UK)","Afon Cwm River, Llanbrynmair, mid-Wales, 1984-1993","<a href=http://fishbase.us/references/ReferencesList.php?Author=&Year=&Title=&Source=&RefNo=44580 target='_blank' >Reference</a>"
"77","Salmo trutta","Sea trout","Female",NA,14.7,"FL","Norway","Bellbekken stream (above waterfalls), 1997–1999 (Sep. - Oct.)","<a href=http://fishbase.us/references/ReferencesList.php?Author=&Year=&Title=&Source=&RefNo=75951 target='_blank' >Reference</a>"
"78","Salmo trutta","Sea trout","Female",NA,16.9,"FL","Norway","Bjøråa stream (above waterfalls), 1997-1999 (Sep. - Oct.)","<a href=http://fishbase.us/references/ReferencesList.php?Author=&Year=&Title=&Source=&RefNo=75951 target='_blank' >Reference</a>"
"79","Salmo trutta","Sea trout","Female",NA,16.8,"FL","Norway","Bjøråa stream (below waterfalls), 1997-1999 (Sep. - Oct)","<a href=http://fishbase.us/references/ReferencesList.php?Author=&Year=&Title=&Source=&RefNo=75951 target='_blank' >Reference</a>"
"80","Salmo trutta","Sea trout","Female",NA,17.4,"FL","Norway","Gjesa stream (below waterfalls), 1997-1999 (Sep.- Oct.)","<a href=http://fishbase.us/references/ReferencesList.php?Author=&Year=&Title=&Source=&RefNo=75951 target='_blank' >Reference</a>"
"81","Salmo trutta","Sea trout","Female",NA,16.9,"FL","Norway","Lvåa stream (above waterfalls), 1997-1999 (Sep.-Oct.)","<a href=http://fishbase.us/references/ReferencesList.php?Author=&Year=&Title=&Source=&RefNo=75951 target='_blank' >Reference</a>"
"82","Salmo trutta","Sea trout","Female",NA,16.4,"FL","Norway","Osa stream (above waterfalls), 1997-1999 (Sep.-Oct)","<a href=http://fishbase.us/references/ReferencesList.php?Author=&Year=&Title=&Source=&RefNo=75951 target='_blank' >Reference</a>"
"83","Salmo trutta","Sea trout","Female",NA,18.8,"FL","Norway","Osa stream (below waterfalls), 1997-1999 (Sep.-Oct)","<a href=http://fishbase.us/references/ReferencesList.php?Author=&Year=&Title=&Source=&RefNo=75951 target='_blank' >Reference</a>"
"84","Salmo trutta","Sea trout","Male",NA,14.2,"FL","Norway","Bellbekken stream (above  waterfalls), 1997–1999 (Sep. - Oct.)","<a href=http://fishbase.us/references/ReferencesList.php?Author=&Year=&Title=&Source=&RefNo=75951 target='_blank' >Reference</a>"
"85","Salmo trutta","Sea trout","Male",NA,14.1,"FL","Norway","Bjøråa stream (above waterfalls), 1997-1999 (Sep. - Oct.)","<a href=http://fishbase.us/references/ReferencesList.php?Author=&Year=&Title=&Source=&RefNo=75951 target='_blank' >Reference</a>"
"86","Salmo trutta","Sea trout","Male",NA,15.9,"FL","Norway","Bjøråa stream (below waterfalls), 1997-1999 (Sep. - Oct)","<a href=http://fishbase.us/references/ReferencesList.php?Author=&Year=&Title=&Source=&RefNo=75951 target='_blank' >Reference</a>"
"87","Salmo trutta","Sea trout","Male",NA,14.8,"FL","Norway","Gjesa stream (below waterfalls), 1997-1999 (Sep.- Oct.)","<a href=http://fishbase.us/references/ReferencesList.php?Author=&Year=&Title=&Source=&RefNo=75951 target='_blank' >Reference</a>"
"88","Salmo trutta","Sea trout","Male",NA,16.2,"FL","Norway","Osa stream (above waterfalls), 1997-1999 (Sep.-Oct)","<a href=http://fishbase.us/references/ReferencesList.php?Author=&Year=&Title=&Source=&RefNo=75951 target='_blank' >Reference</a>"
"89","Salmo trutta","Sea trout","Male",NA,18.7,"FL","Norway","Osa stream (below waterfalls), 1997-1999 (Sep.-Oct)","<a href=http://fishbase.us/references/ReferencesList.php?Author=&Year=&Title=&Source=&RefNo=75951 target='_blank' >Reference</a>"
"90","Salmo trutta","Sea trout","Male",NA,17.2,"FL","Norway","Ulvåa stream (above waterfalls), 1997-1999 (Sep.-Oct.)","<a href=http://fishbase.us/references/ReferencesList.php?Author=&Year=&Title=&Source=&RefNo=75951 target='_blank' >Reference</a>"
"95","Salmo trutta","Sea trout","Female",NA,16.18,"FL","Spain","Cabrillas River / 1996-1998","<a href=http://fishbase.us/references/ReferencesList.php?Author=&Year=&Title=&Source=&RefNo=91501 target='_blank' >Reference</a>"
"96","Salmo trutta","Sea trout","Female",NA,14.13,"FL","Spain","Cega river / 1996-1998","<a href=http://fishbase.us/references/ReferencesList.php?Author=&Year=&Title=&Source=&RefNo=91501 target='_blank' >Reference</a>"
"97","Salmo trutta","Sea trout","Female",NA,15.6,"FL","Spain","Dulce river / 1996-1998","<a href=http://fishbase.us/references/ReferencesList.php?Author=&Year=&Title=&Source=&RefNo=91501 target='_blank' >Reference</a>"
"98","Salmo trutta","Sea trout","Female",NA,13.3,"FL","Spain","Eresma River / 1996-1998","<a href=http://fishbase.us/references/ReferencesList.php?Author=&Year=&Title=&Source=&RefNo=91501 target='_blank' >Reference</a>"
"99","Salmo trutta","Sea trout","Female",NA,16.45,"FL","Spain","Gallo River / 1996-1998","<a href=http://fishbase.us/references/ReferencesList.php?Author=&Year=&Title=&Source=&RefNo=91501 target='_blank' >Reference</a>"
"100","Salmo trutta","Sea trout","Female",NA,14.47,"FL","Spain","Hoz Seca River/ 1996-1998","<a href=http://fishbase.us/references/ReferencesList.php?Author=&Year=&Title=&Source=&RefNo=91501 target='_blank' >Reference</a>"
"101","Salmo trutta","Sea trout","Female",NA,16.73,"FL","Spain","Jarama River / 1996-1998","<a href=http://fishbase.us/references/ReferencesList.php?Author=&Year=&Title=&Source=&RefNo=91501 target='_blank' >Reference</a>"
"102","Salmo trutta","Sea trout","Male",NA,13.43,"FL","Spain","Cabrillas River / 1996-1998","<a href=http://fishbase.us/references/ReferencesList.php?Author=&Year=&Title=&Source=&RefNo=91501 target='_blank' >Reference</a>"
"103","Salmo trutta","Sea trout","Male",NA,12.32,"FL","Spain","Cega River / 1996-1998","<a href=http://fishbase.us/references/ReferencesList.php?Author=&Year=&Title=&Source=&RefNo=91501 target='_blank' >Reference</a>"
"104","Salmo trutta","Sea trout","Male",NA,14.14,"FL","Spain","Dulce River / 1996-1998","<a href=http://fishbase.us/references/ReferencesList.php?Author=&Year=&Title=&Source=&RefNo=91501 target='_blank' >Reference</a>"
"105","Salmo trutta","Sea trout","Male",NA,12.46,"FL","Spain","Eresma River / 1996-1998","<a href=http://fishbase.us/references/ReferencesList.php?Author=&Year=&Title=&Source=&RefNo=91501 target='_blank' >Reference</a>"
"106","Salmo trutta","Sea trout","Male",NA,13.2,"FL","Spain","Gallo River / 1996-1998","<a href=http://fishbase.us/references/ReferencesList.php?Author=&Year=&Title=&Source=&RefNo=91501 target='_blank' >Reference</a>"
"107","Salmo trutta","Sea trout","Male",NA,13.88,"FL","Spain","Hoz Seca River / 1996-1998","<a href=http://fishbase.us/references/ReferencesList.php?Author=&Year=&Title=&Source=&RefNo=91501 target='_blank' >Reference</a>"
"108","Salmo trutta","Sea trout","Male",NA,13.86,"FL","Spain","Jaram river / 1996-1998","<a href=http://fishbase.us/references/ReferencesList.php?Author=&Year=&Title=&Source=&RefNo=91501 target='_blank' >Reference</a>"
"114","Salmo trutta","Sea trout","Female",1.28,NA,"SL","Greece","Aspropotamos stream (March 1981- February 1982)","<a href=http://fishbase.us/references/ReferencesList.php?Author=&Year=&Title=&Source=&RefNo=27724 target='_blank' >Reference</a>"
"115","Salmo trutta","Sea trout","Male",1.05,NA,"SL","Greece","Aspropotamos stream (March 1981- February 1982)","<a href=http://fishbase.us/references/ReferencesList.php?Author=&Year=&Title=&Source=&RefNo=27724 target='_blank' >Reference</a>"
"116","Salmo trutta","Sea trout","Female",14.7,NA,NA,NA,"Not specified.","<a href=http://fishbase.us/references/ReferencesList.php?Author=&Year=&Title=&Source=&RefNo=41168 target='_blank' >Reference</a>"
"117","Salmo trutta","Sea trout","Male",12.5,NA,NA,NA,"Not specified.","<a href=http://fishbase.us/references/ReferencesList.php?Author=&Year=&Title=&Source=&RefNo=41168 target='_blank' >Reference</a>"
"119","Salmo trutta","Sea trout","Female",257,NA,"FL","Poland","Department of Salmonid Research in Rutki of the Inland Fisheries Institute, Olsztyn, 1998-2002","<a href=http://fishbase.us/references/ReferencesList.php?Author=&Year=&Title=&Source=&RefNo=91275 target='_blank' >Reference</a>"
"120","Salmo macrostigma",NA,"Female",17.8,NA,"FL","Turkey","Ceyhan River (2000-2001)","<a href=http://fishbase.us/references/ReferencesList.php?Author=&Year=&Title=&Source=&RefNo=50434 target='_blank' >Reference</a>"
"121","Salmo macrostigma",NA,"Male",17.4,NA,"FL","Turkey","Ceyhan River (2000-2001)","<a href=http://fishbase.us/references/ReferencesList.php?Author=&Year=&Title=&Source=&RefNo=50434 target='_blank' >Reference</a>"
"126","Scardinius erythrophthalmus","Rudd","Female",NA,8.1,NA,"Turkey","Lake Sapanca (2000-2002)","<a href=http://fishbase.us/references/ReferencesList.php?Author=&Year=&Title=&Source=&RefNo=75295 target='_blank' >Reference</a>"
"127","Scardinius erythrophthalmus","Rudd","Male",NA,7.12,"TL","Turkey","Lake Sapanca (2000-2002)","<a href=http://fishbase.us/references/ReferencesList.php?Author=&Year=&Title=&Source=&RefNo=75295 target='_blank' >Reference</a>"
"128","Scardinius acarnanicus",NA,"Unsexed",14,NA,"SL","Italy","Acheloos drainge","<a href=http://fishbase.us/references/ReferencesList.php?Author=&Year=&Title=&Source=&RefNo=59043 target='_blank' >Reference</a>"
"130","Tinca tinca","Tench","Unsexed",7,NA,"SL",NA,"Not specified","<a href=http://fishbase.us/references/ReferencesList.php?Author=&Year=&Title=&Source=&RefNo=59043 target='_blank' >Reference</a>"
"131","Tinca tinca","Tench","Female",19.8,NA,"FL","Turkey","Kayabogazi Dam Lake (1996-1997)","<a href=http://fishbase.us/references/ReferencesList.php?Author=&Year=&Title=&Source=&RefNo=75325 target='_blank' >Reference</a>"
"132","Tinca tinca","Tench","Male",16.9,NA,"FL","Turkey","Kayabogazi Dam Lake (1996-1997)","<a href=http://fishbase.us/references/ReferencesList.php?Author=&Year=&Title=&Source=&RefNo=75325 target='_blank' >Reference</a>"
"133","Margariscus margarita","Allegheny pearl dace","Unsexed",NA,9.4,"SL","Canada","Ontario","<a href=http://fishbase.us/references/ReferencesList.php?Author=&Year=&Title=&Source=&RefNo=58612 target='_blank' >Reference</a>"
"134","Acipenser brevirostrum","Shortnose sturgeon","Female",45,NA,"FL","United States","St. John River, New Brunswick","<a href=http://fishbase.us/references/ReferencesList.php?Author=&Year=&Title=&Source=&RefNo=38308 target='_blank' >Reference</a>"
"135","Acipenser brevirostrum","Shortnose sturgeon","Female",70,NA,"TL",NA,"St. Johns River, New Brunswick","<a href=http://fishbase.us/references/ReferencesList.php?Author=&Year=&Title=&Source=&RefNo=38308 target='_blank' >Reference</a>"
"136","Acipenser brevirostrum","Shortnose sturgeon","Male",49,NA,NA,"United States","St. John River, New Brunswick","<a href=http://fishbase.us/references/ReferencesList.php?Author=&Year=&Title=&Source=&RefNo=4639 target='_blank' >Reference</a>"
"139","Acipenser fulvescens","Lake sturgeon","Unsexed",NA,112,NA,"United States","Wisconsin","<a href=http://fishbase.us/references/ReferencesList.php?Author=&Year=&Title=&Source=&RefNo=796 target='_blank' >Reference</a>"
"140","Acipenser fulvescens","Lake sturgeon","Female",NA,80,"TL",NA,"Nottaway River","<a href=http://fishbase.us/references/ReferencesList.php?Author=&Year=&Title=&Source=&RefNo=9979 target='_blank' >Reference</a>"
"141","Acipenser fulvescens","Lake sturgeon","Male",NA,90,"TL",NA,"Nottaway River","<a href=http://fishbase.us/references/ReferencesList.php?Author=&Year=&Title=&Source=&RefNo=9979 target='_blank' >Reference</a>"
"142","Acipenser fulvescens","Lake sturgeon","Female",NA,114,"TL",NA,"Quebec","<a href=http://fishbase.us/references/ReferencesList.php?Author=&Year=&Title=&Source=&RefNo=9980 target='_blank' >Reference</a>"
"143","Acipenser fulvescens","Lake sturgeon","Male",NA,96.5,"TL",NA,"Quebec","<a href=http://fishbase.us/references/ReferencesList.php?Author=&Year=&Title=&Source=&RefNo=9980 target='_blank' >Reference</a>"
"145","Acipenser fulvescens","Lake sturgeon","Female",90,NA,"TL",NA,"Not specified.","<a href=http://fishbase.us/references/ReferencesList.php?Author=&Year=&Title=&Source=&RefNo=52332 target='_blank' >Reference</a>"
"146","Acipenser fulvescens","Lake sturgeon","Male",85,NA,"TL",NA,"Not specified.","<a href=http://fishbase.us/references/ReferencesList.php?Author=&Year=&Title=&Source=&RefNo=52332 target='_blank' >Reference</a>"
"147","Acipenser medirostris","Green sturgeon","Mixed",100,NA,"TL",NA,"Not specified.","<a href=http://fishbase.us/references/ReferencesList.php?Author=&Year=&Title=&Source=&RefNo=52332 target='_blank' >Reference</a>"
"148","Acipenser medirostris","Green sturgeon","Unsexed",NA,100,"TL","Russian Federation","Sea of Japan","<a href=http://fishbase.us/references/ReferencesList.php?Author=&Year=&Title=&Source=&RefNo=56557 target='_blank' >Reference</a>"
"149","Acipenser oxyrinchus","Atlantic sturgeon","Female",182.9,NA,NA,"United States","Hudson River, New York","<a href=http://fishbase.us/references/ReferencesList.php?Author=&Year=&Title=&Source=&RefNo=4639 target='_blank' >Reference</a>"
"150","Acipenser oxyrinchus","Atlantic sturgeon","Female",NA,190,"TL","United States","St. Lawrence River","<a href=http://fishbase.us/references/ReferencesList.php?Author=&Year=&Title=&Source=&RefNo=1998 target='_blank' >Reference</a>"
"152","Acipenser oxyrinchus","Atlantic sturgeon","Male",121.9,NA,NA,"United States","Hudson River, New York","<a href=http://fishbase.us/references/ReferencesList.php?Author=&Year=&Title=&Source=&RefNo=4639 target='_blank' >Reference</a>"
"153","Acipenser oxyrinchus","Atlantic sturgeon","Male",NA,165,"TL","United States","St. Lawrence River","<a href=http://fishbase.us/references/ReferencesList.php?Author=&Year=&Title=&Source=&RefNo=1998 target='_blank' >Reference</a>"
"158","Acipenser transmontanus","White sturgeon","Unsexed",NA,112,NA,"United States","California","<a href=http://fishbase.us/references/ReferencesList.php?Author=&Year=&Title=&Source=&RefNo=796 target='_blank' >Reference</a>"
"161","Acipenser transmontanus","White sturgeon","Female",NA,160,"FL",NA,"Lower Columbia River","<a href=http://fishbase.us/references/ReferencesList.php?Author=&Year=&Title=&Source=&RefNo=34045 target='_blank' >Reference</a>"
"167","Alosa mediocris","Hickory shad","Female",NA,32,"TL","United States","Not specified","<a href=http://fishbase.us/references/ReferencesList.php?Author=&Year=&Title=&Source=&RefNo=38619 target='_blank' >Reference</a>"
"168","Alosa mediocris","Hickory shad","Male",NA,28.7,"TL","United States","Not specified","<a href=http://fishbase.us/references/ReferencesList.php?Author=&Year=&Title=&Source=&RefNo=38619 target='_blank' >Reference</a>"
"170","Alosa pseudoharengus","Alewife","Female",11,NA,"SL","Canada","Lake Ontario","<a href=http://fishbase.us/references/ReferencesList.php?Author=&Year=&Title=&Source=&RefNo=38946 target='_blank' >Reference</a>"
"172","Alosa pseudoharengus","Alewife","Male",9.55,NA,"SL","Canada","Lake Ontario","<a href=http://fishbase.us/references/ReferencesList.php?Author=&Year=&Title=&Source=&RefNo=38946 target='_blank' >Reference</a>"
"174","Alosa pseudoharengus","Alewife","Mixed",NA,15.8,"TL","United States","Lake Michigan","<a href=http://fishbase.us/references/ReferencesList.php?Author=&Year=&Title=&Source=&RefNo=38634 target='_blank' >Reference</a>"
"175","Alosa pseudoharengus","Alewife","Mixed",NA,13.1,"TL","United States","Lake Ontario, 1978-92","<a href=http://fishbase.us/references/ReferencesList.php?Author=&Year=&Title=&Source=&RefNo=52208 target='_blank' >Reference</a>"
"177","Alosa sapidissima","American shad","Female",38.3,NA,"FL","United States","St John's River, Florida","<a href=http://fishbase.us/references/ReferencesList.php?Author=&Year=&Title=&Source=&RefNo=38973 target='_blank' >Reference</a>"
"178","Alosa sapidissima","American shad","Male",30.5,NA,"FL","United States","St. John's River, Florida","<a href=http://fishbase.us/references/ReferencesList.php?Author=&Year=&Title=&Source=&RefNo=38973 target='_blank' >Reference</a>"
"185","Amia calva","Bowfin","Female",61,NA,NA,NA,"North America","<a href=http://fishbase.us/references/ReferencesList.php?Author=&Year=&Title=&Source=&RefNo=1998 target='_blank' >Reference</a>"
"186","Amia calva","Bowfin","Male",45.7,NA,NA,NA,"North America","<a href=http://fishbase.us/references/ReferencesList.php?Author=&Year=&Title=&Source=&RefNo=1998 target='_blank' >Reference</a>"
"189","Amia calva","Bowfin","Female",38,NA,"TL","United States","Chesapeake Bay","<a href=http://fishbase.us/references/ReferencesList.php?Author=&Year=&Title=&Source=&RefNo=93252 target='_blank' >Reference</a>"
"190","Anguilla rostrata","American eel","Unsexed",35.3,NA,"TL","United States","Altamaha River, Georgia, 1980-81","<a href=http://fishbase.us/references/ReferencesList.php?Author=&Year=&Title=&Source=&RefNo=7130 target='_blank' >Reference</a>"
"191","Anguilla rostrata","American eel","Female",37,NA,"TL","United States","Chesapeake Bay.","<a href=http://fishbase.us/references/ReferencesList.php?Author=&Year=&Title=&Source=&RefNo=93252 target='_blank' >Reference</a>"
"192","Anguilla rostrata","American eel","Male",22,NA,"TL","United States","Chesapeake Bay.","<a href=http://fishbase.us/references/ReferencesList.php?Author=&Year=&Title=&Source=&RefNo=93252 target='_blank' >Reference</a>"
"194","Catostomus catostomus","Longnose sucker","Unsexed",13,NA,"FL",NA,"Frye Creek, Sixteen Mile Lake","<a href=http://fishbase.us/references/ReferencesList.php?Author=&Year=&Title=&Source=&RefNo=10928 target='_blank' >Reference</a>"
"200","Catostomus commersonii","White sucker","Unsexed",23,NA,"FL",NA,"Frye Creek, Sixteenmile Lake","<a href=http://fishbase.us/references/ReferencesList.php?Author=&Year=&Title=&Source=&RefNo=10928 target='_blank' >Reference</a>"
"202","Catostomus platyrhynchus","Mountain sucker","Female",14.3,NA,"TL","United States","Lost Creek Reservoir, Utah, 1977","<a href=http://fishbase.us/references/ReferencesList.php?Author=&Year=&Title=&Source=&RefNo=48536 target='_blank' >Reference</a>"
"203","Catostomus platyrhynchus","Mountain sucker","Female",12.7,NA,"TL","United States","Montana streams","<a href=http://fishbase.us/references/ReferencesList.php?Author=&Year=&Title=&Source=&RefNo=48879 target='_blank' >Reference</a>"
"204","Catostomus platyrhynchus","Mountain sucker","Female",10.6,NA,"TL","United States","Shoal Creek, Utah and Bitter Creek, Wyoming","<a href=http://fishbase.us/references/ReferencesList.php?Author=&Year=&Title=&Source=&RefNo=10452 target='_blank' >Reference</a>"
"205","Catostomus platyrhynchus","Mountain sucker","Male",11.5,NA,"TL","United States","Lost Creek Reservoir, Utah, 1977","<a href=http://fishbase.us/references/ReferencesList.php?Author=&Year=&Title=&Source=&RefNo=48536 target='_blank' >Reference</a>"
"206","Catostomus platyrhynchus","Mountain sucker","Male",10.7,NA,"TL","United States","Montana streams","<a href=http://fishbase.us/references/ReferencesList.php?Author=&Year=&Title=&Source=&RefNo=48879 target='_blank' >Reference</a>"
"207","Catostomus platyrhynchus","Mountain sucker","Male",7.6,NA,"TL","United States","Shoal Creek, Utah and Bitter Creek, Wyoming","<a href=http://fishbase.us/references/ReferencesList.php?Author=&Year=&Title=&Source=&RefNo=10452 target='_blank' >Reference</a>"
"208","Clupea harengus","Atlantic herring","Unsexed",NA,25,NA,"Canada","New Brunswick","<a href=http://fishbase.us/references/ReferencesList.php?Author=&Year=&Title=&Source=&RefNo=796 target='_blank' >Reference</a>"
"209","Clupea harengus","Atlantic herring","Unsexed",NA,30,NA,NA,"Southern Gulf of St. Lawrence","<a href=http://fishbase.us/references/ReferencesList.php?Author=&Year=&Title=&Source=&RefNo=2809 target='_blank' >Reference</a>"
"210","Clupea harengus","Atlantic herring","Unsexed",NA,32.5,NA,NA,"Southern Gulf of St. Lawrence.","<a href=http://fishbase.us/references/ReferencesList.php?Author=&Year=&Title=&Source=&RefNo=2809 target='_blank' >Reference</a>"
"212","Clupea harengus","Atlantic herring","Female",NA,25.4,"TL","United States","Northeastern coast, 1987-89","<a href=http://fishbase.us/references/ReferencesList.php?Author=&Year=&Title=&Source=&RefNo=12186 target='_blank' >Reference</a>"
"213","Clupea harengus","Atlantic herring","Male",NA,25.3,"TL","United States","Northeastern coast, 1987-89","<a href=http://fishbase.us/references/ReferencesList.php?Author=&Year=&Title=&Source=&RefNo=12186 target='_blank' >Reference</a>"
"215","Clupea harengus","Atlantic herring","Unsexed",NA,26.8,"TL","Canada","Georges Bank, 1986","<a href=http://fishbase.us/references/ReferencesList.php?Author=&Year=&Title=&Source=&RefNo=92075 target='_blank' >Reference</a>"
"216","Clupea harengus","Atlantic herring","Unsexed",NA,26.5,"TL","Canada","Georges Bank, 1987","<a href=http://fishbase.us/references/ReferencesList.php?Author=&Year=&Title=&Source=&RefNo=92075 target='_blank' >Reference</a>"
"217","Clupea harengus","Atlantic herring","Unsexed",NA,26.8,"TL","Canada","Georges Bank, 1988","<a href=http://fishbase.us/references/ReferencesList.php?Author=&Year=&Title=&Source=&RefNo=92075 target='_blank' >Reference</a>"
"218","Clupea harengus","Atlantic herring","Unsexed",NA,26.4,"TL","Canada","Georges Bank, 1989","<a href=http://fishbase.us/references/ReferencesList.php?Author=&Year=&Title=&Source=&RefNo=92075 target='_blank' >Reference</a>"
"219","Clupea harengus","Atlantic herring","Unsexed",NA,26,"TL","Canada","Georges Bank, 1990","<a href=http://fishbase.us/references/ReferencesList.php?Author=&Year=&Title=&Source=&RefNo=92075 target='_blank' >Reference</a>"
"220","Clupea harengus","Atlantic herring","Unsexed",NA,25.3,"TL","Canada","Georges Bank, 1991","<a href=http://fishbase.us/references/ReferencesList.php?Author=&Year=&Title=&Source=&RefNo=92075 target='_blank' >Reference</a>"
"221","Clupea harengus","Atlantic herring","Unsexed",NA,25.4,"TL","Canada","Georges Bank, 1992","<a href=http://fishbase.us/references/ReferencesList.php?Author=&Year=&Title=&Source=&RefNo=92075 target='_blank' >Reference</a>"
"222","Clupea harengus","Atlantic herring","Unsexed",NA,25,"TL","Canada","Georges Bank, 1994","<a href=http://fishbase.us/references/ReferencesList.php?Author=&Year=&Title=&Source=&RefNo=92075 target='_blank' >Reference</a>"
"223","Clupea harengus","Atlantic herring","Unsexed",NA,25.1,"TL","Canada","Georges Bank, 1995","<a href=http://fishbase.us/references/ReferencesList.php?Author=&Year=&Title=&Source=&RefNo=92075 target='_blank' >Reference</a>"
"224","Clupea harengus","Atlantic herring","Unsexed",NA,24.9,"TL","Canada","Gulf of Maine, 1993","<a href=http://fishbase.us/references/ReferencesList.php?Author=&Year=&Title=&Source=&RefNo=92075 target='_blank' >Reference</a>"
"226","Clupea harengus","Atlantic herring","Female",NA,15,NA,"Finland","Åland, Baltic Sea","<a href=http://fishbase.us/references/ReferencesList.php?Author=&Year=&Title=&Source=&RefNo=6818 target='_blank' >Reference</a>"
"227","Clupea harengus","Atlantic herring","Female",NA,15,NA,"Finland","Archipelago Sea, Kustavi","<a href=http://fishbase.us/references/ReferencesList.php?Author=&Year=&Title=&Source=&RefNo=6818 target='_blank' >Reference</a>"
"228","Clupea harengus","Atlantic herring","Female",NA,15,NA,"Finland","Gulf of Finland, Helsinki","<a href=http://fishbase.us/references/ReferencesList.php?Author=&Year=&Title=&Source=&RefNo=6818 target='_blank' >Reference</a>"
"229","Clupea harengus","Atlantic herring","Female",NA,12.5,NA,"Finland","Gulf of Finland, Loviisa","<a href=http://fishbase.us/references/ReferencesList.php?Author=&Year=&Title=&Source=&RefNo=6818 target='_blank' >Reference</a>"
"230","Clupea harengus","Atlantic herring","Female",NA,14,NA,"Finland","Gulf of Finland, Tammisaari","<a href=http://fishbase.us/references/ReferencesList.php?Author=&Year=&Title=&Source=&RefNo=6818 target='_blank' >Reference</a>"
"231","Clupea harengus","Atlantic herring","Male",NA,15,NA,"Finland","Åland, Baltic Sea","<a href=http://fishbase.us/references/ReferencesList.php?Author=&Year=&Title=&Source=&RefNo=6818 target='_blank' >Reference</a>"
"232","Clupea harengus","Atlantic herring","Male",NA,14.5,NA,"Finland","Archipelago Sea, Kustavi","<a href=http://fishbase.us/references/ReferencesList.php?Author=&Year=&Title=&Source=&RefNo=6818 target='_blank' >Reference</a>"
"233","Clupea harengus","Atlantic herring","Male",NA,13.5,NA,"Finland","Gulf of Finland, Helsinki","<a href=http://fishbase.us/references/ReferencesList.php?Author=&Year=&Title=&Source=&RefNo=6818 target='_blank' >Reference</a>"
"234","Clupea harengus","Atlantic herring","Male",NA,12.5,NA,"Finland","Gulf of Finland, Loviisa","<a href=http://fishbase.us/references/ReferencesList.php?Author=&Year=&Title=&Source=&RefNo=6818 target='_blank' >Reference</a>"
"235","Clupea harengus","Atlantic herring","Male",NA,13,NA,"Finland","Gulf of Finland, Tammisaari","<a href=http://fishbase.us/references/ReferencesList.php?Author=&Year=&Title=&Source=&RefNo=6818 target='_blank' >Reference</a>"
"236","Clupea harengus","Atlantic herring","Unsexed",NA,16,NA,NA,"Baltic Sea","<a href=http://fishbase.us/references/ReferencesList.php?Author=&Year=&Title=&Source=&RefNo=40549 target='_blank' >Reference</a>"
"237","Clupea harengus","Atlantic herring","Unsexed",NA,20,"SL","Germany (Federal Republic of)","Western Baltic","<a href=http://fishbase.us/references/ReferencesList.php?Author=&Year=&Title=&Source=&RefNo=47114 target='_blank' >Reference</a>"
"238","Clupea harengus","Atlantic herring","Unsexed",NA,24,"TL","Germany (Federal Republic of)","Kieler Förde","<a href=http://fishbase.us/references/ReferencesList.php?Author=&Year=&Title=&Source=&RefNo=47157 target='_blank' >Reference</a>"
"239","Clupea harengus","Atlantic herring","Unsexed",16,NA,"TL","Poland","Gulf of Gdansk (autumn herring)","<a href=http://fishbase.us/references/ReferencesList.php?Author=&Year=&Title=&Source=&RefNo=74523 target='_blank' >Reference</a>"
"240","Clupea harengus","Atlantic herring","Unsexed",20,NA,"TL",NA,"Western Baltic (autumn herring)","<a href=http://fishbase.us/references/ReferencesList.php?Author=&Year=&Title=&Source=&RefNo=74533 target='_blank' >Reference</a>"
"242","Clupea harengus","Atlantic herring","Female",NA,15,NA,"Finland","Bothnian Sea, Pori","<a href=http://fishbase.us/references/ReferencesList.php?Author=&Year=&Title=&Source=&RefNo=6818 target='_blank' >Reference</a>"
"243","Clupea harengus","Atlantic herring","Female",NA,14.5,NA,"Finland","Bothnian Sea, Vaasa","<a href=http://fishbase.us/references/ReferencesList.php?Author=&Year=&Title=&Source=&RefNo=6818 target='_blank' >Reference</a>"
"244","Clupea harengus","Atlantic herring","Male",NA,14.5,NA,"Finland","Bothnian Sea, Pori","<a href=http://fishbase.us/references/ReferencesList.php?Author=&Year=&Title=&Source=&RefNo=6818 target='_blank' >Reference</a>"
"245","Clupea harengus","Atlantic herring","Male",NA,14.5,NA,"Finland","Bothnian Sea, Vaasa","<a href=http://fishbase.us/references/ReferencesList.php?Author=&Year=&Title=&Source=&RefNo=6818 target='_blank' >Reference</a>"
"246","Clupea harengus","Atlantic herring","Female",NA,15,NA,"Finland","Bothnian Bay, Kalajoki","<a href=http://fishbase.us/references/ReferencesList.php?Author=&Year=&Title=&Source=&RefNo=6818 target='_blank' >Reference</a>"
"247","Clupea harengus","Atlantic herring","Male",NA,14,NA,"Finland","Bothnian Bay, Kalajoki","<a href=http://fishbase.us/references/ReferencesList.php?Author=&Year=&Title=&Source=&RefNo=6818 target='_blank' >Reference</a>"
"249","Clupea harengus","Atlantic herring","Unsexed",13.2,NA,"TL","Poland","Gulf of Gdansk (spring herring)","<a href=http://fishbase.us/references/ReferencesList.php?Author=&Year=&Title=&Source=&RefNo=74523 target='_blank' >Reference</a>"
"250","Clupea harengus","Atlantic herring","Unsexed",20,NA,"TL",NA,"Western Baltic (spring herring)","<a href=http://fishbase.us/references/ReferencesList.php?Author=&Year=&Title=&Source=&RefNo=74533 target='_blank' >Reference</a>"
"252","Clupea harengus","Atlantic herring","Unsexed",22,NA,"TL","England and Wales (UK)","East Anglia (off Flamborough)","<a href=http://fishbase.us/references/ReferencesList.php?Author=&Year=&Title=&Source=&RefNo=791 target='_blank' >Reference</a>"
"253","Clupea harengus","Atlantic herring","Unsexed",NA,24,NA,NA,"North Sea","<a href=http://fishbase.us/references/ReferencesList.php?Author=&Year=&Title=&Source=&RefNo=796 target='_blank' >Reference</a>"
"254","Clupea harengus","Atlantic herring","Unsexed",24,NA,NA,"United Kingdom","Buchan area, northern North Sea","<a href=http://fishbase.us/references/ReferencesList.php?Author=&Year=&Title=&Source=&RefNo=6245 target='_blank' >Reference</a>"
"255","Clupea harengus","Atlantic herring","Unsexed",23,NA,NA,"United Kingdom","Southern North Sea","<a href=http://fishbase.us/references/ReferencesList.php?Author=&Year=&Title=&Source=&RefNo=791 target='_blank' >Reference</a>"
"256","Clupea harengus","Atlantic herring","Unsexed",NA,25.7,NA,"United Kingdom","Banks stock","<a href=http://fishbase.us/references/ReferencesList.php?Author=&Year=&Title=&Source=&RefNo=2809 target='_blank' >Reference</a>"
"257","Clupea harengus","Atlantic herring","Unsexed",NA,27.5,NA,"Scotland (UK)","Buchan stock","<a href=http://fishbase.us/references/ReferencesList.php?Author=&Year=&Title=&Source=&RefNo=2809 target='_blank' >Reference</a>"
"258","Clupea harengus","Atlantic herring","Unsexed",NA,24.5,NA,"England and Wales (UK)","Downs stock","<a href=http://fishbase.us/references/ReferencesList.php?Author=&Year=&Title=&Source=&RefNo=2809 target='_blank' >Reference</a>"
"259","Clupea harengus","Atlantic herring","Female",NA,26,"TL","France","East and West Channel","<a href=http://fishbase.us/references/ReferencesList.php?Author=&Year=&Title=&Source=&RefNo=6014 target='_blank' >Reference</a>"
"260","Clupea harengus","Atlantic herring","Male",NA,26,"TL","France","East and West Channel","<a href=http://fishbase.us/references/ReferencesList.php?Author=&Year=&Title=&Source=&RefNo=6014 target='_blank' >Reference</a>"
"261","Clupea harengus","Atlantic herring","Unsexed",NA,22,NA,NA,"North Sea","<a href=http://fishbase.us/references/ReferencesList.php?Author=&Year=&Title=&Source=&RefNo=791 target='_blank' >Reference</a>"
"262","Clupea harengus","Atlantic herring","Unsexed",NA,24,NA,NA,"Southern North Sea","<a href=http://fishbase.us/references/ReferencesList.php?Author=&Year=&Title=&Source=&RefNo=40551 target='_blank' >Reference</a>"
"265","Clupea harengus","Atlantic herring","Unsexed",NA,24,NA,"United Kingdom","South Irish Sea (Dunmore stock)","<a href=http://fishbase.us/references/ReferencesList.php?Author=&Year=&Title=&Source=&RefNo=6237 target='_blank' >Reference</a>"
"266","Clupea harengus","Atlantic herring","Unsexed",NA,23.8,NA,"United Kingdom","Dunmore stock","<a href=http://fishbase.us/references/ReferencesList.php?Author=&Year=&Title=&Source=&RefNo=2809 target='_blank' >Reference</a>"
"269","Clupea harengus","Atlantic herring","Unsexed",24,NA,NA,"United Kingdom","North Irish Sea (Manx stock)","<a href=http://fishbase.us/references/ReferencesList.php?Author=&Year=&Title=&Source=&RefNo=6246 target='_blank' >Reference</a>"
"270","Clupea harengus","Atlantic herring","Unsexed",NA,27,NA,"England and Wales (UK)","Clyde stock","<a href=http://fishbase.us/references/ReferencesList.php?Author=&Year=&Title=&Source=&RefNo=2809 target='_blank' >Reference</a>"
"271","Clupea harengus","Atlantic herring","Unsexed",NA,23.7,NA,"United Kingdom","Manx stock","<a href=http://fishbase.us/references/ReferencesList.php?Author=&Year=&Title=&Source=&RefNo=2809 target='_blank' >Reference</a>"
"272","Clupea harengus","Atlantic herring","Unsexed",NA,28,NA,"Norway","Norwegian Sea","<a href=http://fishbase.us/references/ReferencesList.php?Author=&Year=&Title=&Source=&RefNo=796 target='_blank' >Reference</a>"
"273","Clupea harengus","Atlantic herring","Unsexed",28,NA,NA,"Norway","Atlanto-Scandian","<a href=http://fishbase.us/references/ReferencesList.php?Author=&Year=&Title=&Source=&RefNo=6222 target='_blank' >Reference</a>"
"274","Clupea harengus","Atlantic herring","Unsexed",NA,31.2,NA,"Norway","Norwegian stock (spring spawner)","<a href=http://fishbase.us/references/ReferencesList.php?Author=&Year=&Title=&Source=&RefNo=2809 target='_blank' >Reference</a>"
"275","Clupea harengus","Atlantic herring","Unsexed",NA,28.9,NA,"Norway","Norwegian spring-spawning herring stock, 1930-1996 (before collapse)","<a href=http://fishbase.us/references/ReferencesList.php?Author=&Year=&Title=&Source=&RefNo=89492 target='_blank' >Reference</a>"
"276","Clupea harengus","Atlantic herring","Unsexed",NA,30.1,NA,"Norway","Norwegian spring-spawning herring stock, 1967-1982 (during collapse)","<a href=http://fishbase.us/references/ReferencesList.php?Author=&Year=&Title=&Source=&RefNo=89492 target='_blank' >Reference</a>"
"277","Clupea harengus","Atlantic herring","Unsexed",NA,29.3,NA,"Norway","Norwegian spring-spawning herring stock, 1983-1992 (after collapse)","<a href=http://fishbase.us/references/ReferencesList.php?Author=&Year=&Title=&Source=&RefNo=89492 target='_blank' >Reference</a>"
"279","Clupea harengus","Atlantic herring","Unsexed",24,NA,"TL","Iceland","Not given","<a href=http://fishbase.us/references/ReferencesList.php?Author=&Year=&Title=&Source=&RefNo=87980 target='_blank' >Reference</a>"
"280","Clupea harengus","Atlantic herring","Unsexed",NA,27.5,NA,"Iceland","Off Iceland, summer spawner","<a href=http://fishbase.us/references/ReferencesList.php?Author=&Year=&Title=&Source=&RefNo=93906 target='_blank' >Reference</a>"
"285","Clupea pallasii pallasii","Pacific herring","Unsexed",21,NA,NA,"Canada","British Columbia","<a href=http://fishbase.us/references/ReferencesList.php?Author=&Year=&Title=&Source=&RefNo=4982 target='_blank' >Reference</a>"
"286","Clupea pallasii pallasii","Pacific herring","Unsexed",28,NA,NA,"Japan","Japan Sea (Hokkaido-Sakhalin)","<a href=http://fishbase.us/references/ReferencesList.php?Author=&Year=&Title=&Source=&RefNo=839 target='_blank' >Reference</a>"
"287","Clupea pallasii pallasii","Pacific herring","Unsexed",24,NA,NA,NA,"Okhotsk Sea","<a href=http://fishbase.us/references/ReferencesList.php?Author=&Year=&Title=&Source=&RefNo=6236 target='_blank' >Reference</a>"
"288","Clupea pallasii pallasii","Pacific herring","Unsexed",12,NA,NA,NA,"White Sea (small Onega)","<a href=http://fishbase.us/references/ReferencesList.php?Author=&Year=&Title=&Source=&RefNo=6248 target='_blank' >Reference</a>"
"289","Clupea pallasii pallasii","Pacific herring","Female",NA,20.9,NA,NA,"Northwest Pacific","<a href=http://fishbase.us/references/ReferencesList.php?Author=&Year=&Title=&Source=&RefNo=4466 target='_blank' >Reference</a>"
"290","Clupea pallasii pallasii","Pacific herring","Unsexed",NA,20.9,"TL","United States","Washington","<a href=http://fishbase.us/references/ReferencesList.php?Author=&Year=&Title=&Source=&RefNo=4511 target='_blank' >Reference</a>"
"291","Clupea pallasii pallasii","Pacific herring","Female",NA,29,"FL","Russian Federation","North-East Kamchatka","<a href=http://fishbase.us/references/ReferencesList.php?Author=&Year=&Title=&Source=&RefNo=56336 target='_blank' >Reference</a>"
"292","Clupea pallasii pallasii","Pacific herring","Male",NA,28,"FL","Russian Federation","North-East Kamchatka","<a href=http://fishbase.us/references/ReferencesList.php?Author=&Year=&Title=&Source=&RefNo=56336 target='_blank' >Reference</a>"
"293","Clupea pallasii pallasii","Pacific herring","Female",NA,20,"FL","Russian Federation","Kalygir' (Kamchatka)","<a href=http://fishbase.us/references/ReferencesList.php?Author=&Year=&Title=&Source=&RefNo=56337 target='_blank' >Reference</a>"
"294","Clupea pallasii pallasii","Pacific herring","Female",NA,22,"FL","Russian Federation","Lake Nerpichiye (Kamchatka)","<a href=http://fishbase.us/references/ReferencesList.php?Author=&Year=&Title=&Source=&RefNo=56337 target='_blank' >Reference</a>"
"295","Clupea pallasii pallasii","Pacific herring","Female",NA,15,"FL","Russian Federation","Lake Vilyui (Kamchatka)","<a href=http://fishbase.us/references/ReferencesList.php?Author=&Year=&Title=&Source=&RefNo=56337 target='_blank' >Reference</a>"
"296","Clupea pallasii pallasii","Pacific herring","Male",NA,19,"FL","Russian Federation","Lake Nerpichiye (Kamchatka)","<a href=http://fishbase.us/references/ReferencesList.php?Author=&Year=&Title=&Source=&RefNo=56337 target='_blank' >Reference</a>"
"297","Clupea pallasii pallasii","Pacific herring","Male",NA,15,"FL","Russian Federation","Lake Vilyui (Kamchatka)","<a href=http://fishbase.us/references/ReferencesList.php?Author=&Year=&Title=&Source=&RefNo=56337 target='_blank' >Reference</a>"
"298","Clupea pallasii pallasii","Pacific herring","Unsexed",NA,20,"FL","Russian Federation","Kalygir' (Kamchatka)","<a href=http://fishbase.us/references/ReferencesList.php?Author=&Year=&Title=&Source=&RefNo=56337 target='_blank' >Reference</a>"
"299","Clupea pallasii pallasii","Pacific herring","Unsexed",NA,22,"TL",NA,"Central British Columbia","<a href=http://fishbase.us/references/ReferencesList.php?Author=&Year=&Title=&Source=&RefNo=74453 target='_blank' >Reference</a>"
"300","Clupea pallasii pallasii","Pacific herring","Unsexed",NA,17.9,"TL","Canada","S. Strait of Georgia ","<a href=http://fishbase.us/references/ReferencesList.php?Author=&Year=&Title=&Source=&RefNo=74437 target='_blank' >Reference</a>"
"301","Clupea pallasii pallasii","Pacific herring","Unsexed",NA,25,"TL","Alaska (USA)","SE Alaska","<a href=http://fishbase.us/references/ReferencesList.php?Author=&Year=&Title=&Source=&RefNo=74453 target='_blank' >Reference</a>"
"302","Coregonus artedi","Cisco","Unsexed",NA,15,"SL","United States","Muskellunge Lake, Wisconsin","<a href=http://fishbase.us/references/ReferencesList.php?Author=&Year=&Title=&Source=&RefNo=796 target='_blank' >Reference</a>"
"303","Coregonus artedi","Cisco","Unsexed",NA,14,"SL","United States","Silver Lake, Wisconsin","<a href=http://fishbase.us/references/ReferencesList.php?Author=&Year=&Title=&Source=&RefNo=796 target='_blank' >Reference</a>"
"304","Coregonus artedi","Cisco","Unsexed",NA,12.5,"SL","United States","Trout Lake, Wisconsin","<a href=http://fishbase.us/references/ReferencesList.php?Author=&Year=&Title=&Source=&RefNo=796 target='_blank' >Reference</a>"
"305","Coregonus artedi","Cisco","Mixed",NA,27,"TL","Canada","Eastern James-Hudson Bay","<a href=http://fishbase.us/references/ReferencesList.php?Author=&Year=&Title=&Source=&RefNo=52223 target='_blank' >Reference</a>"
"307","Coregonus autumnalis","Arctic cisco","Mixed",28,NA,"FL","Russian Federation","Enisey river","<a href=http://fishbase.us/references/ReferencesList.php?Author=&Year=&Title=&Source=&RefNo=56502 target='_blank' >Reference</a>"
"308","Coregonus pollan",NA,"Unsexed",25,27,"TL","Ireland","Large lakes in Ireland.","<a href=http://fishbase.us/references/ReferencesList.php?Author=&Year=&Title=&Source=&RefNo=6258 target='_blank' >Reference</a>"
"310","Coregonus clupeaformis","Lake whitefish","Unsexed",NA,27,NA,"Canada","Lake Nipigon","<a href=http://fishbase.us/references/ReferencesList.php?Author=&Year=&Title=&Source=&RefNo=796 target='_blank' >Reference</a>"
"311","Coregonus clupeaformis","Lake whitefish","Unsexed",NA,27,NA,"Canada","Shakespeare Is. Lake","<a href=http://fishbase.us/references/ReferencesList.php?Author=&Year=&Title=&Source=&RefNo=796 target='_blank' >Reference</a>"
"312","Coregonus clupeaformis","Lake whitefish","Unsexed",NA,23,NA,"United States","Trout Lake, Wisconsin","<a href=http://fishbase.us/references/ReferencesList.php?Author=&Year=&Title=&Source=&RefNo=796 target='_blank' >Reference</a>"
"313","Coregonus hoyi","Bloater","Mixed",NA,18.3,"TL","United States","Apostle Islands Region, Lake Superior","<a href=http://fishbase.us/references/ReferencesList.php?Author=&Year=&Title=&Source=&RefNo=52232 target='_blank' >Reference</a>"
"314","Coregonus kiyi","Kiyi","Unsexed",NA,18,NA,"United States","USA","<a href=http://fishbase.us/references/ReferencesList.php?Author=&Year=&Title=&Source=&RefNo=796 target='_blank' >Reference</a>"
"316","Coregonus nasus","Broad whitefish","Mixed",42,NA,"FL","Russian Federation","Enisey river","<a href=http://fishbase.us/references/ReferencesList.php?Author=&Year=&Title=&Source=&RefNo=56502 target='_blank' >Reference</a>"
"320","Coregonus pidschian","Humpback whitefish","Unsexed",32,NA,"SL","Russian Federation","Keret river, Kandalaksha Bay, White Sea","<a href=http://fishbase.us/references/ReferencesList.php?Author=&Year=&Title=&Source=&RefNo=6505 target='_blank' >Reference</a>"
"325","Coregonus pidschian","Humpback whitefish","Female",17,NA,NA,"Mongolia","Not specified.","<a href=http://fishbase.us/references/ReferencesList.php?Author=&Year=&Title=&Source=&RefNo=41072 target='_blank' >Reference</a>"
"326","Coregonus pidschian","Humpback whitefish","Male",17,NA,NA,"Mongolia","Not specified.","<a href=http://fishbase.us/references/ReferencesList.php?Author=&Year=&Title=&Source=&RefNo=41072 target='_blank' >Reference</a>"
"327","Coregonus pidschian","Humpback whitefish","Unsexed",38,NA,NA,"Mongolia","Not specified.","<a href=http://fishbase.us/references/ReferencesList.php?Author=&Year=&Title=&Source=&RefNo=41072 target='_blank' >Reference</a>"
"328","Coregonus pidschian","Humpback whitefish","Mixed",30,NA,"TL","Russian Federation","Enisey river","<a href=http://fishbase.us/references/ReferencesList.php?Author=&Year=&Title=&Source=&RefNo=56502 target='_blank' >Reference</a>"
"337","Cottus cognatus","Slimy sculpin","Unsexed",NA,7.4,"TL","Alaska (USA)","Chandalar River","<a href=http://fishbase.us/references/ReferencesList.php?Author=&Year=&Title=&Source=&RefNo=28921 target='_blank' >Reference</a>"
"340","Couesius plumbeus","Lake chub","Female",NA,8.6,"FL",NA,"Mile 66 Brook, Ten Mile Lake, Western Labrador, 1975","<a href=http://fishbase.us/references/ReferencesList.php?Author=&Year=&Title=&Source=&RefNo=49192 target='_blank' >Reference</a>"
"341","Couesius plumbeus","Lake chub","Male",7.5,NA,"FL",NA,"Mile 66 Brook, Ten Mile Lake, Western Labrador, 1975","<a href=http://fishbase.us/references/ReferencesList.php?Author=&Year=&Title=&Source=&RefNo=49192 target='_blank' >Reference</a>"
"346","Dorosoma cepedianum","American gizzard shad","Female",NA,36.1,"TL","United States","Lake Erie","<a href=http://fishbase.us/references/ReferencesList.php?Author=&Year=&Title=&Source=&RefNo=3672 target='_blank' >Reference</a>"
"347","Dorosoma cepedianum","American gizzard shad","Male",NA,26.5,"TL","United States","Lake Erie","<a href=http://fishbase.us/references/ReferencesList.php?Author=&Year=&Title=&Source=&RefNo=3672 target='_blank' >Reference</a>"
"348","Dorosoma cepedianum","American gizzard shad","Unsexed",17.8,NA,NA,"United States","Not specified","<a href=http://fishbase.us/references/ReferencesList.php?Author=&Year=&Title=&Source=&RefNo=39046 target='_blank' >Reference</a>"
"357","Eleginus gracilis","Saffron cod","Female",NA,30,"TL","Russian Federation","Western Kamchatka","<a href=http://fishbase.us/references/ReferencesList.php?Author=&Year=&Title=&Source=&RefNo=56347 target='_blank' >Reference</a>"
"360","Eleginus gracilis","Saffron cod","Male",NA,30,NA,"Russian Federation","Western Kamchatka","<a href=http://fishbase.us/references/ReferencesList.php?Author=&Year=&Title=&Source=&RefNo=56347 target='_blank' >Reference</a>"
"363","Esox lucius","Northern pike","Female",28,42,"FL","Scotland (UK)","Loch Davan","<a href=http://fishbase.us/references/ReferencesList.php?Author=&Year=&Title=&Source=&RefNo=4843 target='_blank' >Reference</a>"
"364","Esox lucius","Northern pike","Female",28,35,"FL","Scotland (UK)","Loch Kinord","<a href=http://fishbase.us/references/ReferencesList.php?Author=&Year=&Title=&Source=&RefNo=4843 target='_blank' >Reference</a>"
"365","Esox lucius","Northern pike","Male",27,38,"FL","Scotland (UK)","Loch Davan","<a href=http://fishbase.us/references/ReferencesList.php?Author=&Year=&Title=&Source=&RefNo=4843 target='_blank' >Reference</a>"
"366","Esox lucius","Northern pike","Male",27,32,"FL","Scotland (UK)","Loch Kinord","<a href=http://fishbase.us/references/ReferencesList.php?Author=&Year=&Title=&Source=&RefNo=4843 target='_blank' >Reference</a>"
"368","Esox lucius","Northern pike","Female",NA,29.5,NA,"England and Wales (UK)","England","<a href=http://fishbase.us/references/ReferencesList.php?Author=&Year=&Title=&Source=&RefNo=26396 target='_blank' >Reference</a>"
"369","Esox lucius","Northern pike","Female",42,NA,NA,"United States","Missouri","<a href=http://fishbase.us/references/ReferencesList.php?Author=&Year=&Title=&Source=&RefNo=26394 target='_blank' >Reference</a>"
"370","Esox lucius","Northern pike","Female",39,NA,NA,"Canada","Northern Canada (4 lakes)","<a href=http://fishbase.us/references/ReferencesList.php?Author=&Year=&Title=&Source=&RefNo=4946 target='_blank' >Reference</a>"
"371","Esox lucius","Northern pike","Female",40,NA,NA,"Spain","Not specified.","<a href=http://fishbase.us/references/ReferencesList.php?Author=&Year=&Title=&Source=&RefNo=26392 target='_blank' >Reference</a>"
"372","Esox lucius","Northern pike","Female",NA,25.7,NA,"United Kingdom","Scotland","<a href=http://fishbase.us/references/ReferencesList.php?Author=&Year=&Title=&Source=&RefNo=3858 target='_blank' >Reference</a>"
"373","Esox lucius","Northern pike","Female",NA,38,NA,"Canada","Waskesiu lake, Saskatchewan","<a href=http://fishbase.us/references/ReferencesList.php?Author=&Year=&Title=&Source=&RefNo=26395 target='_blank' >Reference</a>"
"374","Esox lucius","Northern pike","Female",NA,41.5,NA,"United Kingdom","Windermere","<a href=http://fishbase.us/references/ReferencesList.php?Author=&Year=&Title=&Source=&RefNo=4992 target='_blank' >Reference</a>"
"375","Esox lucius","Northern pike","Female",NA,50.8,NA,"United States","Wisconsin","<a href=http://fishbase.us/references/ReferencesList.php?Author=&Year=&Title=&Source=&RefNo=26396 target='_blank' >Reference</a>"
"377","Esox lucius","Northern pike","Male",31,NA,NA,"Canada","Lac Ste Anne","<a href=http://fishbase.us/references/ReferencesList.php?Author=&Year=&Title=&Source=&RefNo=26390 target='_blank' >Reference</a>"
"378","Esox lucius","Northern pike","Male",32,NA,NA,"United States","Missouri","<a href=http://fishbase.us/references/ReferencesList.php?Author=&Year=&Title=&Source=&RefNo=26394 target='_blank' >Reference</a>"
"379","Esox lucius","Northern pike","Male",39,NA,NA,"Canada","Northern Canada (4 lakes)","<a href=http://fishbase.us/references/ReferencesList.php?Author=&Year=&Title=&Source=&RefNo=4946 target='_blank' >Reference</a>"
"380","Esox lucius","Northern pike","Male",40,NA,NA,"Spain","Not specified.","<a href=http://fishbase.us/references/ReferencesList.php?Author=&Year=&Title=&Source=&RefNo=26392 target='_blank' >Reference</a>"
"381","Esox lucius","Northern pike","Male",NA,26.3,NA,"United Kingdom","Scotland","<a href=http://fishbase.us/references/ReferencesList.php?Author=&Year=&Title=&Source=&RefNo=3858 target='_blank' >Reference</a>"
"382","Esox lucius","Northern pike","Male",38,NA,NA,"United Kingdom","Windermere","<a href=http://fishbase.us/references/ReferencesList.php?Author=&Year=&Title=&Source=&RefNo=4992 target='_blank' >Reference</a>"
"383","Esox lucius","Northern pike","Male",38,NA,NA,"United States","Wisconsin","<a href=http://fishbase.us/references/ReferencesList.php?Author=&Year=&Title=&Source=&RefNo=26396 target='_blank' >Reference</a>"
"386","Esox lucius","Northern pike","Mixed",40,NA,"SL","Russian Federation","Enisey river","<a href=http://fishbase.us/references/ReferencesList.php?Author=&Year=&Title=&Source=&RefNo=56502 target='_blank' >Reference</a>"
"387","Esox lucius","Northern pike","Female",25,NA,"SL",NA,"Europe","<a href=http://fishbase.us/references/ReferencesList.php?Author=&Year=&Title=&Source=&RefNo=59043 target='_blank' >Reference</a>"
"388","Esox lucius","Northern pike","Male",17,NA,"SL",NA,"Europe","<a href=http://fishbase.us/references/ReferencesList.php?Author=&Year=&Title=&Source=&RefNo=59043 target='_blank' >Reference</a>"
"390","Esox lucius","Northern pike","Female",NA,38,NA,"Ireland","Pollaphuca Reservoir, 1990 (April)","<a href=http://fishbase.us/references/ReferencesList.php?Author=&Year=&Title=&Source=&RefNo=89783 target='_blank' >Reference</a>"
"391","Esox lucius","Northern pike","Male",NA,34,NA,"Ireland","Pollaphuca Reservoir, 1990 (April)","<a href=http://fishbase.us/references/ReferencesList.php?Author=&Year=&Title=&Source=&RefNo=89783 target='_blank' >Reference</a>"
"393","Esox reichertii",NA,"Unsexed",NA,40,"TL","Russian Federation","Primorye","<a href=http://fishbase.us/references/ReferencesList.php?Author=&Year=&Title=&Source=&RefNo=56557 target='_blank' >Reference</a>"
"394","Esox masquinongy","Muskellunge","Female",NA,77,NA,"United States","Chautauqua Lake","<a href=http://fishbase.us/references/ReferencesList.php?Author=&Year=&Title=&Source=&RefNo=45885 target='_blank' >Reference</a>"
"395","Esox masquinongy","Muskellunge","Male",NA,67,NA,"United States","Chautauqua Lake","<a href=http://fishbase.us/references/ReferencesList.php?Author=&Year=&Title=&Source=&RefNo=45885 target='_blank' >Reference</a>"
"396","Esox niger","Chain pickerel","Unsexed",15.6,NA,NA,"United States","Not specified","<a href=http://fishbase.us/references/ReferencesList.php?Author=&Year=&Title=&Source=&RefNo=39116 target='_blank' >Reference</a>"
"399","Fundulus heteroclitus","Mummichog","Unsexed",3.5,NA,"SL",NA,"Not specified","<a href=http://fishbase.us/references/ReferencesList.php?Author=&Year=&Title=&Source=&RefNo=59043 target='_blank' >Reference</a>"
"400","Gasterosteus aculeatus","Three-spined stickleback","Unsexed",NA,3.6,NA,"England and Wales (UK)","Cheshire, England","<a href=http://fishbase.us/references/ReferencesList.php?Author=&Year=&Title=&Source=&RefNo=796 target='_blank' >Reference</a>"
"401","Gasterosteus aculeatus","Three-spined stickleback","Female",NA,5.5,"TL","France","Roscoff (brackish waters)","<a href=http://fishbase.us/references/ReferencesList.php?Author=&Year=&Title=&Source=&RefNo=981 target='_blank' >Reference</a>"
"402","Gasterosteus aculeatus","Three-spined stickleback","Male",NA,4.5,"TL","France","Roscoff (brackish waters)","<a href=http://fishbase.us/references/ReferencesList.php?Author=&Year=&Title=&Source=&RefNo=981 target='_blank' >Reference</a>"
"413","Hybognathus hankinsoni","Brassy minnow","Unsexed",NA,5.7,"SL","Canada","Ontario","<a href=http://fishbase.us/references/ReferencesList.php?Author=&Year=&Title=&Source=&RefNo=58612 target='_blank' >Reference</a>"
"415","Hybognathus regius","Eastern silvery minnow","Unsexed",NA,8.7,"TL","United States","Virginia","<a href=http://fishbase.us/references/ReferencesList.php?Author=&Year=&Title=&Source=&RefNo=54724 target='_blank' >Reference</a>"
"417","Hypomesus olidus","Pond smelt","Unsexed",NA,10,NA,"Japan","Lake Suwa","<a href=http://fishbase.us/references/ReferencesList.php?Author=&Year=&Title=&Source=&RefNo=796 target='_blank' >Reference</a>"
"422","Hypomesus nipponensis",NA,"Unsexed",6,NA,"TL","Japan","Lake Abashiri, 1996","<a href=http://fishbase.us/references/ReferencesList.php?Author=&Year=&Title=&Source=&RefNo=93858 target='_blank' >Reference</a>"
"423","Hypomesus transpacificus",NA,"Unsexed",5.5,6,"FL","United States","California","<a href=http://fishbase.us/references/ReferencesList.php?Author=&Year=&Title=&Source=&RefNo=33312 target='_blank' >Reference</a>"
"424","Ichthyomyzon castaneus","Chestnut lamprey","Unsexed",NA,10.1,"TL","Canada","Manitoba","<a href=http://fishbase.us/references/ReferencesList.php?Author=&Year=&Title=&Source=&RefNo=1998 target='_blank' >Reference</a>"
"425","Ichthyomyzon fossor","Northern brook lamprey","Unsexed",NA,13.5,"TL","Canada","To be filled","<a href=http://fishbase.us/references/ReferencesList.php?Author=&Year=&Title=&Source=&RefNo=52559 target='_blank' >Reference</a>"
"426","Ichthyomyzon unicuspis","Silver lamprey","Unsexed",NA,10,"TL","Canada","To be filled","<a href=http://fishbase.us/references/ReferencesList.php?Author=&Year=&Title=&Source=&RefNo=52559 target='_blank' >Reference</a>"
"427","Ictalurus punctatus","Channel catfish","Unsexed",NA,36,NA,"United States","Mississippi River","<a href=http://fishbase.us/references/ReferencesList.php?Author=&Year=&Title=&Source=&RefNo=796 target='_blank' >Reference</a>"
"430","Labidesthes sicculus","Brook silverside","Unsexed",NA,7,NA,NA,"USA","<a href=http://fishbase.us/references/ReferencesList.php?Author=&Year=&Title=&Source=&RefNo=796 target='_blank' >Reference</a>"
"431","Lampetra ayresii","Western river lamprey","Unsexed",NA,16.2,"TL","Canada","To be filled","<a href=http://fishbase.us/references/ReferencesList.php?Author=&Year=&Title=&Source=&RefNo=1998 target='_blank' >Reference</a>"
"433","Lepisosteus oculatus","Spotted gar","Unsexed",NA,54.9,"NG","Canada","Great Lakes","<a href=http://fishbase.us/references/ReferencesList.php?Author=&Year=&Title=&Source=&RefNo=58585 target='_blank' >Reference</a>"
"434","Lepisosteus oculatus","Spotted gar","Female",39.5,NA,"SL","United States","Lake Pontchartrain Estuary, Louisiana (Nov 1998-Oct 1999)","<a href=http://fishbase.us/references/ReferencesList.php?Author=&Year=&Title=&Source=&RefNo=58775 target='_blank' >Reference</a>"
"435","Lepisosteus oculatus","Spotted gar","Male",28.5,NA,"SL","United States","Lake Pontchartrain Estuary, Louisiana (Nov 1998-Oct 1999)","<a href=http://fishbase.us/references/ReferencesList.php?Author=&Year=&Title=&Source=&RefNo=58775 target='_blank' >Reference</a>"
"436","Lepisosteus osseus","Longnose gar","Female",NA,83.8,NA,"United States","Missouri","<a href=http://fishbase.us/references/ReferencesList.php?Author=&Year=&Title=&Source=&RefNo=38418 target='_blank' >Reference</a>"
"437","Lepisosteus osseus","Longnose gar","Male",66,NA,NA,"United States","Missouri","<a href=http://fishbase.us/references/ReferencesList.php?Author=&Year=&Title=&Source=&RefNo=38418 target='_blank' >Reference</a>"
"438","Lepisosteus osseus","Longnose gar","Female",NA,50,NA,"Canada","Great Lakes","<a href=http://fishbase.us/references/ReferencesList.php?Author=&Year=&Title=&Source=&RefNo=58584 target='_blank' >Reference</a>"
"446","Lethenteron appendix","American brook lamprey","Unsexed",NA,15,"TL","Canada","To be filled","<a href=http://fishbase.us/references/ReferencesList.php?Author=&Year=&Title=&Source=&RefNo=52559 target='_blank' >Reference</a>"
"447","Lethenteron camtschaticum","Arctic lamprey","Female",13,NA,"TL",NA,"North America and Asia.","<a href=http://fishbase.us/references/ReferencesList.php?Author=&Year=&Title=&Source=&RefNo=12321 target='_blank' >Reference</a>"
"448","Lethenteron camtschaticum","Arctic lamprey","Male",13.5,NA,"TL",NA,"North America and Asia.","<a href=http://fishbase.us/references/ReferencesList.php?Author=&Year=&Title=&Source=&RefNo=12321 target='_blank' >Reference</a>"
"449","Lethenteron camtschaticum","Arctic lamprey","Unsexed",13,NA,"TL","Mongolia","Barh and Hurh rivers","<a href=http://fishbase.us/references/ReferencesList.php?Author=&Year=&Title=&Source=&RefNo=41072 target='_blank' >Reference</a>"
"450","Lethenteron camtschaticum","Arctic lamprey","Unsexed",35,NA,"TL",NA,"Not specified","<a href=http://fishbase.us/references/ReferencesList.php?Author=&Year=&Title=&Source=&RefNo=59043 target='_blank' >Reference</a>"
"455","Lota lota","Burbot","Female",35,NA,NA,"Mongolia","Selenga and orhon rivers","<a href=http://fishbase.us/references/ReferencesList.php?Author=&Year=&Title=&Source=&RefNo=41072 target='_blank' >Reference</a>"
"456","Lota lota","Burbot","Male",27,NA,NA,"Mongolia","Selenga and Orhon rivers","<a href=http://fishbase.us/references/ReferencesList.php?Author=&Year=&Title=&Source=&RefNo=41072 target='_blank' >Reference</a>"
"462","Lota lota","Burbot","Mixed",40,NA,"TL","Russian Federation","Enisey river","<a href=http://fishbase.us/references/ReferencesList.php?Author=&Year=&Title=&Source=&RefNo=56502 target='_blank' >Reference</a>"
"463","Lota lota","Burbot","Unsexed",45,NA,NA,"Alaska (USA)","Not specified","<a href=http://fishbase.us/references/ReferencesList.php?Author=&Year=&Title=&Source=&RefNo=58810 target='_blank' >Reference</a>"
"466","Luxilus chrysocephalus","Striped shiner","Female",NA,6.7,"SL","United States","Virginia","<a href=http://fishbase.us/references/ReferencesList.php?Author=&Year=&Title=&Source=&RefNo=52559 target='_blank' >Reference</a>"
"467","Luxilus cornutus","Common shiner","Unsexed",NA,7.4,"SL","Canada","Ontario","<a href=http://fishbase.us/references/ReferencesList.php?Author=&Year=&Title=&Source=&RefNo=58612 target='_blank' >Reference</a>"
"468","Lythrurus umbratilis","Redfin shiner","Unsexed",NA,3,"SL","United States","Mississippi","<a href=http://fishbase.us/references/ReferencesList.php?Author=&Year=&Title=&Source=&RefNo=58620 target='_blank' >Reference</a>"
"469","Macrhybopsis storeriana","Silver chub","Unsexed",NA,13.2,"SL","Canada","To be filled","<a href=http://fishbase.us/references/ReferencesList.php?Author=&Year=&Title=&Source=&RefNo=58533 target='_blank' >Reference</a>"
"470","Micropterus dolomieu","Smallmouth bass","Female",22,NA,"TL","United States","Nebish Lake, Wisconsin","<a href=http://fishbase.us/references/ReferencesList.php?Author=&Year=&Title=&Source=&RefNo=40678 target='_blank' >Reference</a>"
"471","Micropterus dolomieu","Smallmouth bass","Male",20,NA,"TL","United States","Nebish Lake, Wisconsin","<a href=http://fishbase.us/references/ReferencesList.php?Author=&Year=&Title=&Source=&RefNo=32487 target='_blank' >Reference</a>"
"476","Morone chrysops","White bass","Female",NA,28,"TL","United States","Lake Erie, 1927-29","<a href=http://fishbase.us/references/ReferencesList.php?Author=&Year=&Title=&Source=&RefNo=3380 target='_blank' >Reference</a>"
"477","Morone chrysops","White bass","Male",NA,21,"TL","United States","Lake Erie, 1927-29","<a href=http://fishbase.us/references/ReferencesList.php?Author=&Year=&Title=&Source=&RefNo=3380 target='_blank' >Reference</a>"
"484","Mugil cephalus","Flathead grey mullet","Unsexed",NA,27,"SL","Tunisia","Lagoon","<a href=http://fishbase.us/references/ReferencesList.php?Author=&Year=&Title=&Source=&RefNo=2285 target='_blank' >Reference</a>"
"485","Mugil cephalus","Flathead grey mullet","Unsexed",30,NA,NA,NA,"Western Australia","<a href=http://fishbase.us/references/ReferencesList.php?Author=&Year=&Title=&Source=&RefNo=28724 target='_blank' >Reference</a>"
"486","Mugil cephalus","Flathead grey mullet","Female",NA,33,"TL","France","Gulf of Lion","<a href=http://fishbase.us/references/ReferencesList.php?Author=&Year=&Title=&Source=&RefNo=7253 target='_blank' >Reference</a>"
"487","Mugil cephalus","Flathead grey mullet","Male",NA,31,"TL","France","Gulf of Lion","<a href=http://fishbase.us/references/ReferencesList.php?Author=&Year=&Title=&Source=&RefNo=7253 target='_blank' >Reference</a>"
"488","Mugil cephalus","Flathead grey mullet","Unsexed",20,NA,"NG","Taiwan","Taiwan","<a href=http://fishbase.us/references/ReferencesList.php?Author=&Year=&Title=&Source=&RefNo=11281 target='_blank' >Reference</a>"
"489","Mugil cephalus","Flathead grey mullet","Unsexed",45,NA,"TL","Namibia","Namibia","<a href=http://fishbase.us/references/ReferencesList.php?Author=&Year=&Title=&Source=&RefNo=36731 target='_blank' >Reference</a>"
"491","Mugil cephalus","Flathead grey mullet","Unsexed",30,NA,"TL","Russian Federation","Primorye","<a href=http://fishbase.us/references/ReferencesList.php?Author=&Year=&Title=&Source=&RefNo=56557 target='_blank' >Reference</a>"
"492","Mugil cephalus","Flathead grey mullet","Unsexed",NA,34,"SL","South Africa","Southern African estuaries","<a href=http://fishbase.us/references/ReferencesList.php?Author=&Year=&Title=&Source=&RefNo=58350 target='_blank' >Reference</a>"
"495","Mugil cephalus","Flathead grey mullet","Female",29.9,37.7,"TL","Mexico","Tamiahua Lagoon, Veracruz (21°06'-22°06' N and 97°23'-97°46' W, April 1991-Mar 1992)","<a href=http://fishbase.us/references/ReferencesList.php?Author=&Year=&Title=&Source=&RefNo=79024 target='_blank' >Reference</a>"
"496","Mugil cephalus","Flathead grey mullet","Male",28,37.3,"TL","Mexico","Tamiahua Lagoon, Veracruz (21°06'-22°06' N and 97°23'-97°46' W, April 1991-Mar 1992)","<a href=http://fishbase.us/references/ReferencesList.php?Author=&Year=&Title=&Source=&RefNo=79024 target='_blank' >Reference</a>"
"497","Mylocheilus caurinus","Peamouth","Female",NA,24.9,"TL","United States","Washington","<a href=http://fishbase.us/references/ReferencesList.php?Author=&Year=&Title=&Source=&RefNo=58470 target='_blank' >Reference</a>"
"500","Myoxocephalus quadricornis","Fourhorn sculpin","Mixed",15,NA,NA,NA,"Arctic seas","<a href=http://fishbase.us/references/ReferencesList.php?Author=&Year=&Title=&Source=&RefNo=35388 target='_blank' >Reference</a>"
"507","Nocomis micropogon","River chub","Unsexed",NA,11,"SL","Canada","Ontario","<a href=http://fishbase.us/references/ReferencesList.php?Author=&Year=&Title=&Source=&RefNo=1998 target='_blank' >Reference</a>"
"508","Notemigonus crysoleucas","Golden shiner","Unsexed",NA,6.4,"SL","Canada","Ontario lake","<a href=http://fishbase.us/references/ReferencesList.php?Author=&Year=&Title=&Source=&RefNo=58612 target='_blank' >Reference</a>"
"510","Notropis atherinoides","Emerald shiner","Unsexed",NA,4.2,"SL","Canada","Ontario lake","<a href=http://fishbase.us/references/ReferencesList.php?Author=&Year=&Title=&Source=&RefNo=58612 target='_blank' >Reference</a>"
"511","Notropis bifrenatus","Bridle shiner","Unsexed",NA,3.5,"SL","United States","Virginia","<a href=http://fishbase.us/references/ReferencesList.php?Author=&Year=&Title=&Source=&RefNo=54724 target='_blank' >Reference</a>"
"513","Oncorhynchus clarkii","Cutthroat trout","Unsexed",10,NA,"TL","United States","Near South Fork Snake River","<a href=http://fishbase.us/references/ReferencesList.php?Author=&Year=&Title=&Source=&RefNo=48950 target='_blank' >Reference</a>"
"514","Oncorhynchus clarkii","Cutthroat trout","Unsexed",30,NA,"TL","United States","South Fork Snake River","<a href=http://fishbase.us/references/ReferencesList.php?Author=&Year=&Title=&Source=&RefNo=48950 target='_blank' >Reference</a>"
"515","Oncorhynchus clarkii","Cutthroat trout","Female",15,NA,"SL","United States","Upper Missouri River drainage","<a href=http://fishbase.us/references/ReferencesList.php?Author=&Year=&Title=&Source=&RefNo=74494 target='_blank' >Reference</a>"
"516","Oncorhynchus clarkii","Cutthroat trout","Male",11,NA,"TL","United States","Upper Missouri River drainage","<a href=http://fishbase.us/references/ReferencesList.php?Author=&Year=&Title=&Source=&RefNo=74494 target='_blank' >Reference</a>"
"517","Oncorhynchus gorbuscha","Pink salmon","Unsexed",40,45,"TL",NA,"North America","<a href=http://fishbase.us/references/ReferencesList.php?Author=&Year=&Title=&Source=&RefNo=27368 target='_blank' >Reference</a>"
"519","Oncorhynchus keta","Chum salmon","Female",NA,70,NA,"Canada","Columbia River","<a href=http://fishbase.us/references/ReferencesList.php?Author=&Year=&Title=&Source=&RefNo=796 target='_blank' >Reference</a>"
"520","Oncorhynchus keta","Chum salmon","Male",NA,81,NA,"Canada","Columbia River","<a href=http://fishbase.us/references/ReferencesList.php?Author=&Year=&Title=&Source=&RefNo=796 target='_blank' >Reference</a>"
"528","Oncorhynchus mykiss","Rainbow trout","Unsexed",15,NA,NA,NA,"Not specified","<a href=http://fishbase.us/references/ReferencesList.php?Author=&Year=&Title=&Source=&RefNo=27547 target='_blank' >Reference</a>"
"530","Oncorhynchus nerka","Sockeye salmon","Unsexed",NA,60,NA,"Canada","Cultus Lake","<a href=http://fishbase.us/references/ReferencesList.php?Author=&Year=&Title=&Source=&RefNo=796 target='_blank' >Reference</a>"
"533","Oncorhynchus tshawytscha","Chinook salmon","Unsexed",NA,78.9,NA,"Russian Federation","Eastern Kamchatka","<a href=http://fishbase.us/references/ReferencesList.php?Author=&Year=&Title=&Source=&RefNo=56350 target='_blank' >Reference</a>"
"534","Oncorhynchus tshawytscha","Chinook salmon","Unsexed",NA,85.4,NA,"Russian Federation","Western Kamchatka","<a href=http://fishbase.us/references/ReferencesList.php?Author=&Year=&Title=&Source=&RefNo=56350 target='_blank' >Reference</a>"
"539","Osmerus mordax","Rainbow smelt","Female",NA,19.7,"TL","United States","Massachusetts river system","<a href=http://fishbase.us/references/ReferencesList.php?Author=&Year=&Title=&Source=&RefNo=52221 target='_blank' >Reference</a>"
"540","Osmerus mordax","Rainbow smelt","Female",NA,19.3,"TL","United States","Western Lake Superior","<a href=http://fishbase.us/references/ReferencesList.php?Author=&Year=&Title=&Source=&RefNo=52222 target='_blank' >Reference</a>"
"541","Osmerus mordax","Rainbow smelt","Male",NA,18.8,"TL","United States","Massachusetts river system","<a href=http://fishbase.us/references/ReferencesList.php?Author=&Year=&Title=&Source=&RefNo=52221 target='_blank' >Reference</a>"
"542","Osmerus mordax","Rainbow smelt","Male",NA,15,"TL","United States","Western Lake Superior","<a href=http://fishbase.us/references/ReferencesList.php?Author=&Year=&Title=&Source=&RefNo=52222 target='_blank' >Reference</a>"
"543","Osmerus mordax","Rainbow smelt","Mixed",NA,22,"TL","Canada","Beaufort Sea","<a href=http://fishbase.us/references/ReferencesList.php?Author=&Year=&Title=&Source=&RefNo=52220 target='_blank' >Reference</a>"
"547","Osmerus dentex","Pacific rainbow smelt","Mixed",14,NA,"FL","Russian Federation","Enisey river","<a href=http://fishbase.us/references/ReferencesList.php?Author=&Year=&Title=&Source=&RefNo=56502 target='_blank' >Reference</a>"
"551","Percopsis omiscomaycus","Trout-perch","Female",7.5,NA,"TL","United States","SE Lake Michigan, 1970","<a href=http://fishbase.us/references/ReferencesList.php?Author=&Year=&Title=&Source=&RefNo=51953 target='_blank' >Reference</a>"
"559","Platichthys stellatus","Starry flounder","Female",35,NA,NA,"United States","California","<a href=http://fishbase.us/references/ReferencesList.php?Author=&Year=&Title=&Source=&RefNo=1098 target='_blank' >Reference</a>"
"560","Platichthys stellatus","Starry flounder","Male",30,NA,NA,"United States","California","<a href=http://fishbase.us/references/ReferencesList.php?Author=&Year=&Title=&Source=&RefNo=1098 target='_blank' >Reference</a>"
"565","Prosopium cylindraceum","Round whitefish","Female",NA,30,"NG","Russian Federation","Anadyr river","<a href=http://fishbase.us/references/ReferencesList.php?Author=&Year=&Title=&Source=&RefNo=56521 target='_blank' >Reference</a>"
"566","Prosopium cylindraceum","Round whitefish","Male",NA,27,"NG","Russian Federation","Anadyr river","<a href=http://fishbase.us/references/ReferencesList.php?Author=&Year=&Title=&Source=&RefNo=56521 target='_blank' >Reference</a>"
"567","Pungitius pungitius","Ninespine stickleback","Unsexed",NA,3.7,NA,"England and Wales (UK)","Cheshire, England","<a href=http://fishbase.us/references/ReferencesList.php?Author=&Year=&Title=&Source=&RefNo=796 target='_blank' >Reference</a>"
"572","Rhinichthys cataractae","Longnose dace","Female",5.6,NA,"SL","Canada","Coweeta drainage","<a href=http://fishbase.us/references/ReferencesList.php?Author=&Year=&Title=&Source=&RefNo=51971 target='_blank' >Reference</a>"
"575","Salmo salar","Atlantic salmon","Male",7.5,8.5,"FL","Spain","Esva River (43°33'N, 6°32'E), 1992-1994","<a href=http://fishbase.us/references/ReferencesList.php?Author=&Year=&Title=&Source=&RefNo=36293 target='_blank' >Reference</a>"
"579","Salmo salar","Atlantic salmon","Female",NA,73.8,"FL","Canada","Bouleau River, Quebec, 1973","<a href=http://fishbase.us/references/ReferencesList.php?Author=&Year=&Title=&Source=&RefNo=58801 target='_blank' >Reference</a>"
"580","Salmo salar","Atlantic salmon","Female",NA,72.4,"FL","Canada","Pigou River, Quebec, 1973","<a href=http://fishbase.us/references/ReferencesList.php?Author=&Year=&Title=&Source=&RefNo=58801 target='_blank' >Reference</a>"
"582","Salmo salar","Atlantic salmon","Male",NA,50.6,"FL","Canada","Bouleau River, Quebec, 1973","<a href=http://fishbase.us/references/ReferencesList.php?Author=&Year=&Title=&Source=&RefNo=58801 target='_blank' >Reference</a>"
"584","Salmo salar","Atlantic salmon","Male",NA,53.1,"FL","Canada","Pigou River, Quebec, 1973","<a href=http://fishbase.us/references/ReferencesList.php?Author=&Year=&Title=&Source=&RefNo=58801 target='_blank' >Reference</a>"
"591","Salmo salar","Atlantic salmon","Unsexed",60,NA,"TL",NA,"Baltic Sea","<a href=http://fishbase.us/references/ReferencesList.php?Author=&Year=&Title=&Source=&RefNo=89463 target='_blank' >Reference</a>"
"594","Salvelinus alpinus alpinus","Arctic char","Female",NA,60,NA,"Canada","Baffin Island","<a href=http://fishbase.us/references/ReferencesList.php?Author=&Year=&Title=&Source=&RefNo=796 target='_blank' >Reference</a>"
"597","Salvelinus alpinus alpinus","Arctic char","Unsexed",NA,35,NA,"Canada","Cumberland Sound, Baffin Island","<a href=http://fishbase.us/references/ReferencesList.php?Author=&Year=&Title=&Source=&RefNo=28967 target='_blank' >Reference</a>"
"598","Salvelinus alpinus alpinus","Arctic char","Unsexed",NA,38.1,NA,"Canada","Frasier River, northern Labrador","<a href=http://fishbase.us/references/ReferencesList.php?Author=&Year=&Title=&Source=&RefNo=40568 target='_blank' >Reference</a>"
"602","Salvelinus confluentus","Bull trout","Unsexed",58,72,"SL",NA,"Tributaries to Thutade Lake, northcentral BC","<a href=http://fishbase.us/references/ReferencesList.php?Author=&Year=&Title=&Source=&RefNo=49186 target='_blank' >Reference</a>"
"608","Salvelinus malma","Dolly varden","Unsexed",20,NA,"NG",NA,"Not specified (probably in North Korea)","<a href=http://fishbase.us/references/ReferencesList.php?Author=&Year=&Title=&Source=&RefNo=12218 target='_blank' >Reference</a>"
"609","Salvelinus malma","Dolly varden","Unsexed",NA,32,NA,"Alaska (USA)","Alaska","<a href=http://fishbase.us/references/ReferencesList.php?Author=&Year=&Title=&Source=&RefNo=40572 target='_blank' >Reference</a>"
"610","Salvelinus malma","Dolly varden","Unsexed",12,15,"SL",NA,"Tributaries to Thutade Lake, northcentral BC","<a href=http://fishbase.us/references/ReferencesList.php?Author=&Year=&Title=&Source=&RefNo=49186 target='_blank' >Reference</a>"
"611","Salvelinus namaycush","Lake trout","Unsexed",NA,18.4,NA,"Canada","Great Slave Lake","<a href=http://fishbase.us/references/ReferencesList.php?Author=&Year=&Title=&Source=&RefNo=796 target='_blank' >Reference</a>"
"614","Salvelinus namaycush","Lake trout","Female",42.2,NA,"FL","Alaska (USA)","Walker L., Gates of the Arctic Nat'l Park, 1987-88","<a href=http://fishbase.us/references/ReferencesList.php?Author=&Year=&Title=&Source=&RefNo=33305 target='_blank' >Reference</a>"
"615","Salvelinus namaycush","Lake trout","Male",43.5,NA,"FL","Alaska (USA)","Walker L., Gates of the Arctic Nat'l Park, 1987-88","<a href=http://fishbase.us/references/ReferencesList.php?Author=&Year=&Title=&Source=&RefNo=33305 target='_blank' >Reference</a>"
"616","Salvelinus namaycush","Lake trout","Unsexed",34,NA,NA,"Alaska (USA)","Brooks Range","<a href=http://fishbase.us/references/ReferencesList.php?Author=&Year=&Title=&Source=&RefNo=33306 target='_blank' >Reference</a>"
"617","Salvelinus namaycush","Lake trout","Unsexed",30.8,NA,NA,"Alaska (USA)","Subarctic region","<a href=http://fishbase.us/references/ReferencesList.php?Author=&Year=&Title=&Source=&RefNo=33307 target='_blank' >Reference</a>"
"618","Salvelinus namaycush","Lake trout","Unsexed",NA,37,"FL","Alaska (USA)","Butte Lake, 1987-90","<a href=http://fishbase.us/references/ReferencesList.php?Author=&Year=&Title=&Source=&RefNo=33309 target='_blank' >Reference</a>"
"619","Salvelinus namaycush","Lake trout","Unsexed",NA,41,"FL","Alaska (USA)","Chandler  Lake, 1987-90","<a href=http://fishbase.us/references/ReferencesList.php?Author=&Year=&Title=&Source=&RefNo=33309 target='_blank' >Reference</a>"
"620","Salvelinus namaycush","Lake trout","Unsexed",NA,48.1,"FL","Alaska (USA)","Fielding Lake, 1987-90","<a href=http://fishbase.us/references/ReferencesList.php?Author=&Year=&Title=&Source=&RefNo=33309 target='_blank' >Reference</a>"
"621","Salvelinus namaycush","Lake trout","Unsexed",NA,37.5,"FL","Alaska (USA)","Glacier  Lake, 1987-90","<a href=http://fishbase.us/references/ReferencesList.php?Author=&Year=&Title=&Source=&RefNo=33309 target='_blank' >Reference</a>"
"622","Salvelinus namaycush","Lake trout","Unsexed",NA,35,"FL","Alaska (USA)","Landlocked Tangle  Lake, 1987-90","<a href=http://fishbase.us/references/ReferencesList.php?Author=&Year=&Title=&Source=&RefNo=33309 target='_blank' >Reference</a>"
"623","Salvelinus namaycush","Lake trout","Unsexed",NA,42.6,"FL","Alaska (USA)","Paxson Lake, 1987-90","<a href=http://fishbase.us/references/ReferencesList.php?Author=&Year=&Title=&Source=&RefNo=33309 target='_blank' >Reference</a>"
"624","Salvelinus namaycush","Lake trout","Unsexed",NA,38.6,"FL","Alaska (USA)","Sevenmile Lake, 1987-90","<a href=http://fishbase.us/references/ReferencesList.php?Author=&Year=&Title=&Source=&RefNo=33309 target='_blank' >Reference</a>"
"625","Salvelinus namaycush","Lake trout","Unsexed",NA,45.2,"FL","Alaska (USA)","Summit Lake, 1987-90","<a href=http://fishbase.us/references/ReferencesList.php?Author=&Year=&Title=&Source=&RefNo=33309 target='_blank' >Reference</a>"
"626","Salvelinus namaycush","Lake trout","Unsexed",NA,34.3,"FL","Alaska (USA)","Twobit  Lake, 1987-90","<a href=http://fishbase.us/references/ReferencesList.php?Author=&Year=&Title=&Source=&RefNo=33309 target='_blank' >Reference</a>"
"627","Salvelinus namaycush","Lake trout","Unsexed",NA,40,"FL","Alaska (USA)","Upper Tangle Lake, 1987-90","<a href=http://fishbase.us/references/ReferencesList.php?Author=&Year=&Title=&Source=&RefNo=33309 target='_blank' >Reference</a>"
"628","Salvelinus namaycush","Lake trout","Unsexed",NA,47.6,"FL","Alaska (USA)","Walker Lake, 1987-90","<a href=http://fishbase.us/references/ReferencesList.php?Author=&Year=&Title=&Source=&RefNo=33309 target='_blank' >Reference</a>"
"630","Sander canadensis","Sauger","Female",NA,32,NA,"Canada","Lake Nipigon","<a href=http://fishbase.us/references/ReferencesList.php?Author=&Year=&Title=&Source=&RefNo=796 target='_blank' >Reference</a>"
"631","Sander vitreus","Walleye","Female",36,NA,"TL","Canada","To be filled","<a href=http://fishbase.us/references/ReferencesList.php?Author=&Year=&Title=&Source=&RefNo=33236 target='_blank' >Reference</a>"
"632","Sander vitreus","Walleye","Male",28,NA,"TL","Canada","To be filled","<a href=http://fishbase.us/references/ReferencesList.php?Author=&Year=&Title=&Source=&RefNo=33236 target='_blank' >Reference</a>"
"638","Spirinchus thaleichthys","Longfin smelt","Unsexed",NA,9,"TL","Alaska (USA)","Alaska","<a href=http://fishbase.us/references/ReferencesList.php?Author=&Year=&Title=&Source=&RefNo=56527 target='_blank' >Reference</a>"
"639","Stenodus leucichthys","Sheefish","Female",70,NA,"FL","Russian Federation","Anadyr Basin, 1972-96","<a href=http://fishbase.us/references/ReferencesList.php?Author=&Year=&Title=&Source=&RefNo=38435 target='_blank' >Reference</a>"
"640","Stenodus leucichthys","Sheefish","Male",65,NA,"FL","Russian Federation","Anadyr Basin, 1972-96","<a href=http://fishbase.us/references/ReferencesList.php?Author=&Year=&Title=&Source=&RefNo=38435 target='_blank' >Reference</a>"
"641","Stenodus leucichthys","Sheefish","Mixed",48,NA,"FL","Russian Federation","Enisey river","<a href=http://fishbase.us/references/ReferencesList.php?Author=&Year=&Title=&Source=&RefNo=56502 target='_blank' >Reference</a>"
"642","Stenodus leucichthys","Sheefish","Unsexed",60,NA,"SL",NA,"Arctic Ocean basin ","<a href=http://fishbase.us/references/ReferencesList.php?Author=&Year=&Title=&Source=&RefNo=59043 target='_blank' >Reference</a>"
"646","Stenodus nelma","","Mixed",60,NA,"SL",NA,"Not specified","<a href=http://fishbase.us/references/ReferencesList.php?Author=&Year=&Title=&Source=&RefNo=59043 target='_blank' >Reference</a>"
"649","Thaleichthys pacificus","Eulachon","Unsexed",15,NA,"FL","United States","Bering Sea","<a href=http://fishbase.us/references/ReferencesList.php?Author=&Year=&Title=&Source=&RefNo=56527 target='_blank' >Reference</a>"
"654","Thymallus arcticus","Arctic grayling","Mixed",23,NA,"FL","Russian Federation","Enisey river","<a href=http://fishbase.us/references/ReferencesList.php?Author=&Year=&Title=&Source=&RefNo=56502 target='_blank' >Reference</a>"
"656","Ctenopharyngodon idella","Grass carp","Female",60,NA,"SL","Russian Federation","Amur River (middle)","<a href=http://fishbase.us/references/ReferencesList.php?Author=&Year=&Title=&Source=&RefNo=48 target='_blank' >Reference</a>"
"657","Ctenopharyngodon idella","Grass carp","Female",73.8,NA,"TL","India","Cuttack","<a href=http://fishbase.us/references/ReferencesList.php?Author=&Year=&Title=&Source=&RefNo=48 target='_blank' >Reference</a>"
"658","Ctenopharyngodon idella","Grass carp","Female",58,NA,"TL","Malaysia","Malacca","<a href=http://fishbase.us/references/ReferencesList.php?Author=&Year=&Title=&Source=&RefNo=48 target='_blank' >Reference</a>"
"659","Ctenopharyngodon idella","Grass carp","Male",60,NA,"SL","Russian Federation","Amur River (middle)","<a href=http://fishbase.us/references/ReferencesList.php?Author=&Year=&Title=&Source=&RefNo=48 target='_blank' >Reference</a>"
"660","Ctenopharyngodon idella","Grass carp","Male",75.2,NA,"TL","India","Cuttack","<a href=http://fishbase.us/references/ReferencesList.php?Author=&Year=&Title=&Source=&RefNo=48 target='_blank' >Reference</a>"
"661","Ctenopharyngodon idella","Grass carp","Male",51,NA,"TL","Malaysia","Malacca","<a href=http://fishbase.us/references/ReferencesList.php?Author=&Year=&Title=&Source=&RefNo=48 target='_blank' >Reference</a>"
"662","Ctenopharyngodon idella","Grass carp","Unsexed",NA,70,NA,NA,"To be filled","<a href=http://fishbase.us/references/ReferencesList.php?Author=&Year=&Title=&Source=&RefNo=150 target='_blank' >Reference</a>"
"663","Ctenopharyngodon idella","Grass carp","Unsexed",NA,65,"SL","China","Changjiang River = Yangtze","<a href=http://fishbase.us/references/ReferencesList.php?Author=&Year=&Title=&Source=&RefNo=37797 target='_blank' >Reference</a>"
"664","Ctenopharyngodon idella","Grass carp","Unsexed",NA,70,"SL","China","Heilongjiang River = Amur","<a href=http://fishbase.us/references/ReferencesList.php?Author=&Year=&Title=&Source=&RefNo=37797 target='_blank' >Reference</a>"
"665","Ctenopharyngodon idella","Grass carp","Unsexed",NA,55,"SL","China","Zhujiang River = Pearl River","<a href=http://fishbase.us/references/ReferencesList.php?Author=&Year=&Title=&Source=&RefNo=37797 target='_blank' >Reference</a>"
"667","Ctenopharyngodon idella","Grass carp","Unsexed",60,NA,"SL",NA,"Not specified ","<a href=http://fishbase.us/references/ReferencesList.php?Author=&Year=&Title=&Source=&RefNo=59043 target='_blank' >Reference</a>"
